time_s,total_Fx_N_min,total_Fx_N_max,total_Fx_N_valid_scenarios,total_Fz_N_min,total_Fz_N_max,total_Fz_N_valid_scenarios,left_ankle_Nm_min,left_ankle_Nm_max,left_ankle_Nm_valid_scenarios,left_knee_Nm_min,left_knee_Nm_max,left_knee_Nm_valid_scenarios,left_hip_Nm_min,left_hip_Nm_max,left_hip_Nm_valid_scenarios,right_ankle_Nm_min,right_ankle_Nm_max,right_ankle_Nm_valid_scenarios,right_knee_Nm_min,right_knee_Nm_max,right_knee_Nm_valid_scenarios,right_hip_Nm_min,right_hip_Nm_max,right_hip_Nm_valid_scenarios
0.0,,,0,,,0,,,0,,,0,,,0,,,0,,,0,,,0
0.050389,,,0,,,0,,,0,,,0,,,0,,,0,,,0,,,0
0.083722,,,0,,,0,,,0,,,0,,,0,,,0,,,0,,,0
0.117056,,,0,,,0,,,0,,,0,,,0,,,0,,,0,,,0
0.150389,,,0,,,0,,,0,,,0,,,0,,,0,,,0,,,0
0.183722,,,0,,,0,,,0,,,0,,,0,,,0,,,0,,,0
0.217056,,,0,,,0,,,0,,,0,,,0,,,0,,,0,,,0
0.250389,,,0,,,0,,,0,,,0,,,0,,,0,,,0,,,0
0.283722,,,0,,,0,,,0,,,0,,,0,,,0,,,0,,,0
0.317056,,,0,,,0,,,0,,,0,,,0,,,0,,,0,,,0
0.350378,,,0,,,0,,,0,,,0,,,0,,,0,,,0,,,0
0.383711,,,0,,,0,,,0,,,0,,,0,,,0,,,0,,,0
0.417044,,,0,,,0,,,0,,,0,,,0,,,0,,,0,,,0
0.450378,,,0,,,0,,,0,,,0,,,0,,,0,,,0,,,0
0.483711,,,0,,,0,,,0,,,0,,,0,,,0,,,0,,,0
0.517044,,,0,,,0,,,0,,,0,,,0,,,0,,,0,,,0
0.550378,,,0,,,0,,,0,,,0,,,0,,,0,,,0,,,0
0.583711,,,0,,,0,,,0,,,0,,,0,,,0,,,0,,,0
0.617044,,,0,,,0,,,0,,,0,,,0,,,0,,,0,,,0
0.650367,,,0,,,0,,,0,,,0,,,0,,,0,,,0,,,0
0.6837,,,0,,,0,,,0,,,0,,,0,,,0,,,0,,,0
0.717033,,,0,,,0,,,0,,,0,,,0,,,0,,,0,,,0
0.750367,,,0,,,0,,,0,,,0,,,0,,,0,,,0,,,0
0.7837,,,0,,,0,,,0,,,0,,,0,,,0,,,0,,,0
0.817033,,,0,,,0,,,0,,,0,,,0,,,0,,,0,,,0
0.850367,,,0,,,0,,,0,,,0,,,0,,,0,,,0,,,0
0.8837,,,0,,,0,,,0,,,0,,,0,,,0,,,0,,,0
0.917022,,,0,,,0,,,0,,,0,,,0,,,0,,,0,,,0
0.950356,,,1,,,1,,,1,,,1,,,1,,,1,,,1,,,1
0.983689,22.021156094791674,28.54502310280051,14,844.9270331265159,944.0872132706572,14,-52.543505436819345,11.158417537198567,14,-32.64410569614456,47.87970567665515,14,-107.39595635037497,-77.1239501916964,14,-50.383978438111654,4.130654877097907,14,19.02955188297354,34.61486851940746,14,-12.669207771603261,17.8169876492304,14
1.017022,12.381242810460511,17.62810581050056,14,850.4436777556654,950.2466879180752,14,-55.62932433318839,11.260598204281926,14,-32.55185407867444,52.68150045208011,14,-104.20464278119968,-70.14544783751577,14,-47.80120606485741,3.7195603623515083,14,17.523767873085582,34.294390731698115,14,-6.381279107998134,17.815169687545648,14
1.050356,7.298887969214453,29.173465063269635,15,852.686220228255,952.7512829730587,15,-57.038769696458814,10.147357404218234,15,-32.82494044940673,53.35982776252092,15,-101.87759266315356,-66.57878343785279,15,-47.351445860361636,3.6285392271332393,15,17.023537013385756,34.69814776736669,15,-4.3862636816364216,18.532153209106006,15
1.083689,12.56010223930359,33.15700649841837,15,850.9188510558495,950.7805618056477,15,-56.561099007654946,8.502529866219945,15,-33.083911760363556,50.78144496740994,15,-98.55357201090685,-64.0722918676674,15,-48.48671680188144,3.8418876806321434,15,18.646014495504208,35.91798225039645,15,-5.026873701243813,18.187802912381983,15
1.117022,23.005901134528827,39.295358484149254,15,843.0819527602862,942.0250861057942,15,-53.994745102483556,6.1979172237404825,15,-33.563889486982646,44.1349466850933,15,-95.387228990761,-64.16672227920048,15,-51.48057818586793,4.331860994545016,15,22.250035452645754,37.77545160072825,15,-8.940383012637005,17.393444177901692,15
1.150356,39.78910035800177,50.83949357982916,15,834.2182635677991,932.1287398486832,15,-51.25156020981048,4.066364975362653,15,-33.95455996328288,37.379270944352946,15,-93.65364975266347,-66.27695213491296,15,-55.207654197886065,4.549170180884034,15,19.85278387538606,38.109209868581765,15,-14.437551874266239,18.608534909698257,15
1.183689,53.057331195495806,68.65242120431336,15,821.3139280474736,917.7241378211287,15,-49.19216158765283,2.5771779799653984,15,-33.64359098682586,33.438423596940765,15,-92.17111790465327,-67.64175879409436,15,-57.95536130799404,4.37836102292227,15,16.65006812749954,36.73533591348183,15,-17.680988088455173,19.783652544597484,15
1.217011,72.21038208670548,88.25713366152893,15,811.0579198172675,906.2766066356228,15,-44.79861306803779,1.1892633599091411,15,-32.323253819177296,28.003546374326802,15,-92.06226798577515,-73.23863307506588,15,-64.24181097353545,4.164407057944375,15,10.604348555805814,34.68288562256569,15,-24.113772954937737,22.766438753877324,15
1.250344,82.04408007725104,100.27609787219562,15,806.7323388317079,901.4573670143362,15,-45.413916217349524,0.5371667653523744,15,-32.29016313174462,29.117080941307087,15,-96.72055160774993,-76.75202466706203,15,-66.25635030395708,3.3847825680300474,15,7.732872254417618,33.14625000844471,15,-18.850402925531185,27.736438478005606,15
1.283678,92.9251402043535,113.57517136087644,15,802.026931698044,896.2132002563733,15,-46.40797998020578,-0.2604872858321201,15,-32.53127589328797,30.279833206689627,15,-103.24142849493737,-81.44329077955827,15,-67.71808409352509,3.140212996285152,15,8.401237321142077,39.93287134457914,15,-8.430938717948875,36.15878988508358,15
1.317011,106.49134566593253,130.15608914725087,15,806.2600150063528,900.9578478157848,15,-48.35415581366217,-1.4615446354551196,15,-33.90096696550494,30.29216341956565,15,-111.01659102129406,-87.40765407724878,15,-66.51764096986687,3.9621691663690584,15,16.34567622579862,47.28795530591702,15,3.899329963633818,45.675119766623176,15
1.350344,123.04222355875697,150.38493990514715,15,817.8264162350719,913.8987242131814,15,-51.418796414368,-3.5342566014429266,15,-36.49071838291261,28.864853551759737,15,-119.8036898452173,-94.77684741811619,15,-61.115360703292055,5.88959067244787,15,32.09609442982709,54.98299926837767,15,18.512978358485153,56.154150477234104,15
1.383678,118.77691037441073,162.12422144798757,15,826.0479567983672,923.0950130586929,15,-52.18223572686374,-5.963591925630681,15,-35.10663116156089,31.735594904047293,15,-119.59948144629587,-92.9735246496895,15,-59.24395122182379,7.488433331668388,15,48.45209524724398,69.52219202337079,15,24.374218725344182,61.82390796216706,15
1.417011,105.2729378175215,162.06217841390333,15,823.5606476515238,920.3118596385383,15,,,0,,,0,,,0,,,0,,,0,,,0
1.450344,89.68454666318695,140.9573728835044,15,811.4015364069236,906.7163055052371,15,,,0,,,0,,,0,,,0,,,0,,,0
1.483667,65.20994199674674,100.97611361103333,15,786.770080570069,879.1777182664986,15,,,0,,,0,,,0,,,0,,,0,,,0
1.517,43.10173853091847,56.37514426249948,15,761.3629970237065,850.7603103570132,15,,,0,,,0,,,0,,,0,,,0,,,0
1.550333,2.1300748464522914,18.73099851467925,15,733.6816193440868,819.8015705326255,15,,,0,,,0,,,0,,,0,,,0,,,0
1.583667,-49.820691498538416,-5.50129659455429,15,707.7849480226059,797.1368523649601,15,,,0,,,0,,,0,,,0,,,0,,,0
1.617,-78.21526945808799,-33.76788361394794,15,710.4520452128053,803.9957307468419,15,,,0,,,0,,,0,,,0,,,0,,,0
1.650333,-87.33750696494417,-64.57413505592257,15,733.1846353085524,821.7580673990722,15,,,0,,,0,,,0,,,0,,,0,,,0
1.683667,-100.75821621873241,-78.72962882802044,15,772.2616762406932,862.8590722547686,15,,,0,,,0,,,0,,,0,,,0,,,0
1.717,-117.6308755146478,-74.58528959339802,15,830.4149103414244,927.8546886437523,15,-38.02342193890374,1.8586809683922985,14,4.077524908752711,39.50780889951306,14,-1.4301025039101347,23.542289491614678,14,-53.602852873417056,23.860464653265694,14,-35.55063352642165,71.40249180457378,14,-179.27126313452823,-142.54095880857537,14
1.750333,-124.31543861639578,-101.71263159523274,15,895.476905355644,1000.5621658539245,15,-35.63247299946037,-4.776493587664559,14,21.9128600098446,26.886102398141475,14,1.1503658664440772,23.87356880179812,14,-63.85350609347161,-28.162182423268664,14,-38.658473431662,16.47282877360574,14,-211.388022618602,-166.0747928464225,14
1.783656,-141.61088461129705,-111.1904368590013,15,959.3356366682093,1071.9166710193463,15,-33.48935062386125,-1.6508458242317678,14,6.728904888690209,19.587320217866274,14,2.353708623356084,21.137496183507473,14,-78.10600095544287,-34.41586001345684,14,-37.53098099231693,34.103275362067436,14,-241.31056139861974,-188.199626186023,14
1.816989,-155.86538706211024,-127.0919084847134,15,1017.8207491073299,1137.2629387891286,15,-26.87858089992188,0.12756768361659002,13,-2.0821073351419326,14.075123604969942,13,1.9285119821187102,13.403484232775261,13,-96.06412459842397,-42.07434451222717,13,-23.940388502826572,58.7973543092053,13,-263.5164716852045,-205.6298636771742,13
1.850322,-178.76319538497222,-140.80296678072025,15,1058.9868104717764,1183.2667700377522,15,,,2,,,2,,,2,,,2,,,2,,,2
1.883656,-174.3447456151965,-140.05859145978343,14,1071.2876222944824,1197.0258194220262,14,,,1,,,1,,,1,,,1,,,1,,,1
1.916989,-177.90346372988446,-145.55737941535978,14,1057.1749104711816,1181.270425560657,14,,,1,,,1,,,1,,,1,,,1,,,1
1.950322,,,1,,,1,,,0,,,0,,,0,,,0,,,0,,,0
1.983656,,,0,,,0,,,0,,,0,,,0,,,0,,,0,,,0
2.016989,,,0,,,0,,,0,,,0,,,0,,,0,,,0,,,0
2.050322,,,0,,,0,,,0,,,0,,,0,,,0,,,0,,,0
2.083656,,,0,,,0,,,0,,,0,,,0,,,0,,,0,,,0
2.116978,,,0,,,0,,,0,,,0,,,0,,,0,,,0,,,0
2.150311,,,0,,,0,,,0,,,0,,,0,,,0,,,0,,,0
2.183644,,,0,,,0,,,0,,,0,,,0,,,0,,,0,,,0
2.216978,,,0,,,0,,,0,,,0,,,0,,,0,,,0,,,0
2.250311,,,0,,,0,,,0,,,0,,,0,,,0,,,0,,,0
2.283644,,,0,,,0,,,0,,,0,,,0,,,0,,,0,,,0
2.316978,,,0,,,0,,,0,,,0,,,0,,,0,,,0,,,0
2.350311,,,0,,,0,,,0,,,0,,,0,,,0,,,0,,,0
2.383633,,,0,,,0,,,0,,,0,,,0,,,0,,,0,,,0
2.416967,,,0,,,0,,,0,,,0,,,0,,,0,,,0,,,0
2.4503,,,0,,,0,,,0,,,0,,,0,,,0,,,0,,,0
2.483633,,,1,,,1,,,0,,,0,,,0,,,0,,,0,,,0
2.516967,88.17998813152825,107.77554104964572,14,850.2344725333987,950.0582073247781,14,,,0,,,0,,,0,,,0,,,0,,,0
2.5503,77.67760196789946,96.9442958261166,14,814.5542103749159,910.1835100567868,14,,,0,,,0,,,0,,,0,,,0,,,0
2.583633,70.33437006939816,85.96423008481986,15,793.532815231946,886.6933042902032,15,,,0,,,0,,,0,,,0,,,0,,,0
2.616967,54.4225750273163,76.00227438792903,15,784.5531690050591,876.6652812543811,15,,,0,,,0,,,0,,,0,,,0,,,0
2.6503,34.53133954187693,74.31055829436212,15,783.9581964297238,876.0126643149922,15,,,0,,,0,,,0,,,0,,,0,,,0
2.683622,40.80840287601053,74.54491382435278,15,792.0578805341172,885.0815408058803,15,-52.86697955086346,-41.49196054260794,12,-19.81777168270642,14.677092567979372,12,-75.20735839030614,-52.41162074908502,12,-67.08252190233648,-1.1362370213646438,12,10.43769374074671,20.40818258491157,12,-19.464144748023674,33.196813276628056,12
2.716956,60.095363787894605,77.0721115735224,15,812.4864154031204,907.9313408408359,15,-49.70393308348908,-35.84453853274998,14,-19.668179773959714,6.874660231487223,14,-76.13388956358305,-40.938234398540985,14,-82.07688804204906,-6.925948978520149,14,11.24483515997818,26.5507581916114,14,-33.91551535752059,26.006893780093737,14
2.750289,73.55571885730998,89.90143415893438,15,820.0436163083763,916.3929684919549,15,-42.514689885128,-16.716370761802153,14,-10.860771526832249,-2.2317088648565306,14,-63.04375321894716,-12.742031029424489,14,-105.27596513851348,-13.812260501112842,14,-3.6139455343846336,28.211026061792484,14,-66.55429333410137,13.57427265218963,14
2.783622,79.12997225902,108.3994005760441,15,817.7381608218691,913.8253106564695,15,-37.386164373610065,-0.48250948145422257,14,-11.267015066897848,43.388592436528974,14,-57.69472699611045,-30.830641379857582,14,-40.22873844978639,1.2328523429281182,14,0.0418964961571362,23.651484754477654,14,-30.290319938539486,18.170729157454495,14
2.816956,78.51743258556421,113.16287535474957,15,792.7953680020315,885.9451592612127,15,-35.018014348932276,-0.5097173265258164,14,-10.903202306653895,29.98441355107692,14,-51.97787680613069,-18.435982251067845,14,-46.63559846356162,1.5845495620273375,14,7.183957615423149,18.58077134868185,14,-51.120017831738025,13.200915210193472,14
2.850289,76.49428501780116,110.32493776605727,15,760.436952635106,849.7616655569178,15,-32.510542831924276,0.9593018330327325,14,-11.184270271483182,29.253180591715072,14,-47.88887297192514,-12.994549839082522,14,-40.30649056483328,1.3322089375413766,14,3.4071595678416378,16.195793633539363,14,-57.58356175404347,11.160046284192706,14
2.883622,65.48980821769227,90.66918854654352,15,731.3681211159142,817.237511483405,15,-33.90142032002526,1.8385397385099438,14,-11.840905925040996,30.604435804289878,14,-49.720545792559854,-25.47583763148957,14,-31.852071537194124,0.9803024203796968,14,-0.48881112037522934,13.584381181897315,14,-42.72905497877181,11.380930549807555,14
2.916956,50.011402458418175,70.14676440844609,15,722.0707999768089,819.1631550729835,15,-37.580319662770854,-8.549896756160067,14,-10.545046104152998,-2.1981528111325446,14,-55.127467208584164,1.9946944091497611,14,-89.98525873432007,-12.98348926747782,14,-20.12312868721421,13.858056212725554,14,-102.62377132333148,-4.6086933879044025,14
2.950278,29.071342049713838,37.80945300216971,15,737.017961569598,835.7155555705381,15,-42.31789599382107,-35.530385997264496,14,-19.894578337878688,8.208290344211743,14,-60.83510203876216,-39.96861446924803,14,-57.96991213527514,-5.020232973564363,14,-2.2597563465808115,8.810442240177442,14,-53.244564308565984,4.2974123411932466,14
2.983611,-5.833874827824202,11.09108077567524,15,776.0728206264577,867.0774421032771,15,-56.113654159749814,-40.878332865415295,13,-18.61671115247831,25.147353703556572,13,-63.89477573907443,-51.92323147349544,13,-42.59497122088429,-0.5672297503442102,13,-0.5754209289882736,5.067202356395374,13,-31.63148765733152,13.044954949143657,13
3.016944,-25.503008591261754,-10.684534594640638,15,830.3340646024119,927.6784539558827,15,,,1,,,1,,,1,,,1,,,1,,,1
3.050278,-46.64767174377462,-22.772597854374435,15,891.8169740212278,996.3646653476609,15,,,1,,,1,,,1,,,1,,,1,,,1
3.083611,-65.578788427694,-32.084953119291924,15,953.2716489341149,1065.0354656078355,15,,,1,,,1,,,1,,,1,,,1,,,1
3.116944,-69.07018787009392,-31.78087308329328,15,1014.8602640985571,1133.8703543729998,15,,,1,,,1,,,1,,,1,,,1,,,1
3.150278,-52.574274560847286,-26.9187230137863,15,1056.6417404117385,1180.5866683570705,15,,,1,,,1,,,1,,,1,,,1,,,1
3.183611,-33.27962804506402,-18.606522695495382,15,1080.6278786720654,1207.423658204428,15,,,4,,,4,,,4,,,4,,,4,,,4
3.216944,-11.674871869614945,-6.374634289942522,15,1067.6973945270208,1193.0139938027712,15,-69.76556564154995,-48.511492104210376,14,-15.238375216109109,47.383213239588976,14,-136.90043364813647,-102.77287969523587,14,-56.21965771760185,-2.662725174550189,14,4.860561190040366,27.686409618510545,14,-62.26886904067665,9.988128203407419,14
3.250267,5.355245516110856,16.650704391537023,15,1036.6543881647056,1158.3677018256753,15,-57.54937976644499,-45.35746284151776,14,-22.020086045013702,18.517670630412397,14,-138.17294786864736,-79.78172087741555,14,-73.1379755834784,-6.030237487357062,14,12.664675648935322,28.876693543364247,14,-95.64490265558305,2.299604594121024,14
3.2836,12.710742570968781,45.287728845361656,15,993.1465067007849,1109.7915669871397,15,-51.39742913058075,-35.710835485860635,14,-21.194624325380033,5.190774448455169,14,-128.49346372103554,-50.32351778407575,14,-87.97833338192291,-7.336162928663956,14,14.314872575390002,33.854747864144855,14,-127.29763431451138,-0.8792184566083145,14
3.316933,22.48821260711906,50.82536950701164,15,934.5660884293079,1044.370042905902,15,-44.7000500871365,-21.28979234203169,14,-19.32821600277027,-6.600513024062774,14,-112.94772691457514,-21.53885796430005,14,-97.83897798128663,-9.713999090849603,14,17.07817300863779,32.74283850423822,14,-149.70600012113533,-7.0861271381289885,14
3.350267,29.646356937049934,55.464335705387754,15,861.530263901418,962.7862167998193,15,-43.35745861577981,-21.316019400004123,14,-21.609884133962556,-13.930188051663233,14,-109.04487521738952,-20.572223394644375,14,-90.17536408249666,-11.323664140162,14,11.685706498350207,29.409682935855,14,-133.49719313994817,-11.513085367915048,14
3.3836,32.588470042458624,45.866847924392935,15,786.8094181457492,879.3013316155714,15,-36.93688295024906,-11.139667394607145,14,-21.324166986318556,-8.776050120416649,14,-96.68934635135466,-0.3744388124958462,14,-92.43469687835683,-11.24290538906001,14,3.777108111843418,21.98933760364599,14,-138.432737722423,-11.405009896758523,14
3.416933,25.280818900298627,34.16335819737202,15,711.6108498185797,795.251078880193,15,-35.06206724374091,-16.969588795295365,14,-18.646598039573256,-13.077260624824188,14,-94.4537444316449,-13.68394562935843,14,-77.04920025780409,-7.984747171132272,14,1.3322550395373227,12.627519107295543,14,-106.1023566714033,-0.9126664908532796,14
3.450267,17.50974947661183,25.013122913067214,15,647.9805841550411,749.3582201624828,15,-33.97170777886973,-24.240546165094997,14,-17.6328168439319,-10.316670586059633,14,-93.4150110934612,-29.453641411047585,14,-60.755510027462364,-2.33690791148174,14,0.4032397442684683,7.438271015568464,14,-74.93522447267111,12.562613187481647,14
3.4836,10.184617648005492,19.148115169346386,15,614.4199613534429,730.7866430854355,15,,,4,,,4,,,4,,,4,,,4,,,4
3.516933,7.645323155428235,11.67978802902652,15,622.3520209718746,730.90023601075,15,,,2,,,2,,,2,,,2,,,2,,,2
3.550256,0.6538380381660068,4.613543230580936,15,661.5026062340875,750.3577450984441,15,,,2,,,2,,,2,,,2,,,2,,,2
3.583589,-6.717887590103342,0.16035353426028284,15,719.4466890073021,803.8980246408869,15,-35.20447939318188,-29.501126986984836,13,-11.90219661782887,24.55427580938989,13,-88.9313929267579,-39.36560563406584,13,-62.635620645320124,0.35015226139411526,13,-3.3257940882383537,9.451585685378618,13,-65.2669201504911,16.42871243143536,13
3.616922,-18.673172664963825,1.0841504076588442,15,782.7249451409999,874.6088259609538,15,-38.96475298720186,-31.93431033355123,13,-9.247706774785332,36.09973388136547,13,-85.73018021696235,-40.99387106379027,13,-67.67687407404152,-1.361257847685776,13,-0.13929813100104949,17.51822378981653,13,-66.8605532651012,13.374969108187942,13
3.650256,-31.520517913140647,-17.48712642511321,15,855.2984544234981,955.7138353571216,15,-43.293865948609685,-35.08036570261669,13,-6.338205015856177,49.88325985030447,13,-81.21632737644123,-41.134190861352,13,-73.33934480434287,-2.6279107406089373,13,2.9434883733801107,27.67159876951667,13,-69.63873662420656,10.210208751008457,13
3.683589,-45.446017787897155,-37.183105462824926,15,911.083172322367,1026.3359678404424,15,-50.74905677098994,-40.63108397790769,13,-2.2984891505197815,71.1784216240535,13,-75.68285591904508,-49.571654923786845,13,-69.099509963452,-0.761403382428294,13,-1.9351709263080465,35.3764530188228,13,-58.77826606330395,11.22139411780622,13
3.716922,-65.1377352825328,-52.40169010561277,15,934.4397329572856,1062.90712958239,15,-53.67210806078951,-44.92656085055724,10,2.535700702243087,82.10494202426099,10,-66.06168224194953,-54.36258557196378,10,-63.55114213499863,0.44795686629100473,10,-6.7196678091955615,38.17219899692919,10,-49.264096812120854,10.410437058469059,10
3.750256,-84.02431733818672,-54.31502066629768,15,942.96180030093,1063.409922770537,15,,,2,,,2,,,2,,,2,,,2,,,2
3.783589,-91.86044788037162,-50.36059314991733,15,925.4629126466087,1034.1388789515117,15,,,2,,,2,,,2,,,2,,,2,,,2
3.816922,-94.86590508044002,-41.56563109961829,15,874.2659706450175,976.9160966830229,15,,,2,,,2,,,2,,,2,,,2,,,2
3.850244,-65.39119951144194,-25.391394492345132,15,823.8759657542844,920.591474503823,15,-55.374430758153885,-43.59051507749946,12,-7.799795273669879,49.99575401152426,12,-66.43479044836667,-56.96068961256003,12,-49.53415438082499,0.3544354056747668,12,-6.15189637570965,23.591711245012362,12,-37.582836881228324,7.570464175489164,12
3.883578,-24.132351142173825,-11.431311585978309,15,785.2617014271852,877.4308766736609,15,-47.94400150297161,-38.994966042533804,14,-14.217137096461189,25.95119918052842,14,-75.80285595363956,-49.67732399389163,14,-59.11818947437411,-2.3974324885384077,14,2.4390670135452615,19.090979604813285,14,-51.089118644806206,6.356716339512916,14
3.916911,6.485745283118264,24.385517888328877,15,758.161228230572,847.1468635705846,15,-38.91049305576854,-26.113990720135465,14,-14.43498528988638,4.0643430434225785,14,-77.19107346968327,-29.780853102734117,14,-75.68115927829233,-9.766660269400791,14,11.192686999597797,21.828096754664646,14,-77.55339980356818,-1.9225985115210236,14
3.950244,25.67275959748566,66.07155567462831,15,738.1248650610952,824.7620880237789,15,-32.0023239897618,3.456995125275789,15,-12.340623811785989,37.543046100983716,15,-69.49944510304174,-4.061461037560639,15,-91.77234304371504,0.768342879340326,15,-1.5562415263502711,27.934169640225598,15,-106.60981418407353,18.22652479800653,15
3.983578,45.80418616592415,78.51786238441758,15,718.9839338037492,803.3785842163715,15,-25.446977954157887,0.3757735658601362,14,-15.105599824387854,15.59281200619644,14,-72.95721869011267,-45.62560981502216,14,-30.481117676875062,3.4256525902538524,14,17.825030609781212,30.27255573390863,14,-45.50042133760324,15.27791695754182,14
4.016911,61.497040213133694,87.51601500261974,15,706.2244086007177,789.1316362621263,15,-20.19025571966269,-1.1680642216617514,14,-15.145608991885299,5.6490595638677625,14,-72.30704634609562,-32.02272930619509,14,-35.411218467794654,4.5776741707198205,14,26.413504755926688,30.76803329475391,14,-56.816092752527524,13.47038376170837,14
4.050244,79.06165937415074,96.63091701285089,14,695.0224463994537,776.6336142960108,14,-14.350578786540998,-1.7678442185244307,13,-12.975618998550662,-0.14856253000786923,13,-67.08937978881877,-12.585671724120946,13,-40.80369111738485,5.49689266277832,13,28.303021883656097,34.49727834285768,13,-71.79798608445667,9.051889961117997,13
4.083578,75.63389101099975,92.44142234677737,14,692.0356322603914,773.3205993681224,14,-13.741317175419544,-1.2060105609259821,13,-12.357205056524698,0.746598836300459,13,-66.70708054178728,-10.64324297835688,13,-41.49762084257872,5.3884318992131455,13,31.69044983202818,36.80630220449095,13,-69.88261214211582,8.918443544626474,13
4.116911,,,1,,,1,,,1,,,1,,,1,,,1,,,1,,,1
4.150233,,,0,,,0,,,0,,,0,,,0,,,0,,,0,,,0
4.183567,,,0,,,0,,,0,,,0,,,0,,,0,,,0,,,0
4.2169,,,0,,,0,,,0,,,0,,,0,,,0,,,0,,,0
4.250233,,,0,,,0,,,0,,,0,,,0,,,0,,,0,,,0
4.283567,,,0,,,0,,,0,,,0,,,0,,,0,,,0,,,0
4.3169,,,0,,,0,,,0,,,0,,,0,,,0,,,0,,,0
4.350233,,,0,,,0,,,0,,,0,,,0,,,0,,,0,,,0
4.383567,,,0,,,0,,,0,,,0,,,0,,,0,,,0,,,0
4.416889,,,0,,,0,,,0,,,0,,,0,,,0,,,0,,,0
4.450222,,,0,,,0,,,0,,,0,,,0,,,0,,,0,,,0
4.483556,,,0,,,0,,,0,,,0,,,0,,,0,,,0,,,0
4.516889,,,0,,,0,,,0,,,0,,,0,,,0,,,0,,,0
4.550222,,,0,,,0,,,0,,,0,,,0,,,0,,,0,,,0
4.583556,,,0,,,0,,,0,,,0,,,0,,,0,,,0,,,0
4.616889,,,0,,,0,,,0,,,0,,,0,,,0,,,0,,,0
4.650222,,,0,,,0,,,0,,,0,,,0,,,0,,,0,,,0
4.683556,,,0,,,0,,,0,,,0,,,0,,,0,,,0,,,0
4.716878,,,1,,,1,,,0,,,0,,,0,,,0,,,0,,,0
4.750211,33.895948873552655,41.42838195656447,14,623.1352323357848,710.8163163515129,14,,,1,,,1,,,1,,,1,,,1,,,1
4.783544,26.41516359758233,37.037929639072885,14,827.2365604057363,924.4284087477756,14,-61.34739469140699,4.686225413040397,14,-41.91155115866856,38.381851465164424,14,-116.65028465914166,-79.9330270399103,14,-44.81136181958702,8.814005409922924,14,65.33608045147047,94.62028303135185,14,64.23221523220387,85.55620566258241,14
4.816878,3.7267407402072457,15.850033029013222,15,938.8260473847758,1126.8518470366917,15,-82.71813211564597,6.454732186136454,15,-51.24899291815899,56.66250546587868,15,-145.50051377171047,-91.36537866460452,15,-50.300704465710744,8.723770432770234,15,66.46522654811228,104.06079956960865,15,67.46908005696909,105.73015479974094,15
4.850211,-8.226586162042347,9.831103960327777,15,1000.8204316746959,1294.2179949540714,15,-101.85539828517256,8.968551558050052,15,-52.16400497938822,83.68690613999456,15,-164.3953113032888,-86.6410389896188,15,-50.5650942387032,7.127380457981374,15,55.086441796839054,103.33896567975268,15,66.03125535672821,112.82176110568173,15
4.883544,-22.48432834460174,-12.359507051851862,15,1024.86433019152,1347.5403591673928,15,-109.2532570602074,11.810542110183576,15,-39.86359649174736,112.39191387663158,15,-161.48563685969873,-68.97277856105012,15,-45.92830967449116,5.2586536356697895,15,37.222829709356915,82.38409884695879,15,49.048588510329395,97.83020022879779,15
4.916878,-46.24822009636875,-32.951629001840516,15,1004.9831691636816,1290.3183904465177,15,-106.70112483662147,16.571532733349883,15,-16.521497394866095,142.31188924125092,15,-138.70531598396778,-35.60925878823123,15,-34.10161824487174,2.6690855693396442,15,11.650158448206192,59.01850619190806,15,20.74559625841522,77.73199068512716,15
4.950211,-64.239315838179,-37.17557560569725,15,937.512646979218,1113.429211676813,15,-95.68226889495534,-39.769400242245005,14,7.648301181174197,86.45857115399016,14,-103.97744499372064,-55.497546721736526,14,-20.917697875818273,-1.5605514840603938,14,17.362271594931173,39.56174047870796,14,27.936793436142032,55.06948434253498,14
4.983544,-81.13620286440509,-42.15387941692415,15,826.306128161758,923.375031148617,15,,,2,,,2,,,2,,,2,,,2,,,2
5.016867,-77.353259169879,-49.13387143910799,15,618.2310705377118,738.5155935804597,15,,,2,,,2,,,2,,,2,,,2,,,2
5.0502,-63.66959250731145,-52.09330296052745,14,430.41948724979596,533.9263309636415,14,,,0,,,0,,,0,,,0,,,0,,,0
5.083533,-56.60251365290709,-30.196938386142236,14,306.17404597309906,445.8777919343794,14,,,0,,,0,,,0,,,0,,,0,,,0
5.116867,,,1,,,1,,,0,,,0,,,0,,,0,,,0,,,0
5.1502,,,0,,,0,,,0,,,0,,,0,,,0,,,0,,,0
5.183533,,,0,,,0,,,0,,,0,,,0,,,0,,,0,,,0
5.216867,,,0,,,0,,,0,,,0,,,0,,,0,,,0,,,0
5.2502,,,0,,,0,,,0,,,0,,,0,,,0,,,0,,,0
5.283533,,,0,,,0,,,0,,,0,,,0,,,0,,,0,,,0
5.316856,,,0,,,0,,,0,,,0,,,0,,,0,,,0,,,0
5.350189,,,0,,,0,,,0,,,0,,,0,,,0,,,0,,,0
5.383522,,,0,,,0,,,0,,,0,,,0,,,0,,,0,,,0
5.416856,,,0,,,0,,,0,,,0,,,0,,,0,,,0,,,0
5.450189,,,0,,,0,,,0,,,0,,,0,,,0,,,0,,,0
5.483522,,,0,,,0,,,0,,,0,,,0,,,0,,,0,,,0
5.516856,,,0,,,0,,,0,,,0,,,0,,,0,,,0,,,0
5.550189,,,0,,,0,,,0,,,0,,,0,,,0,,,0,,,0
5.583511,,,0,,,0,,,0,,,0,,,0,,,0,,,0,,,0
5.616844,,,0,,,0,,,0,,,0,,,0,,,0,,,0,,,0
5.650178,,,0,,,0,,,0,,,0,,,0,,,0,,,0,,,0
5.683511,,,0,,,0,,,0,,,0,,,0,,,0,,,0,,,0
5.716844,,,0,,,0,,,0,,,0,,,0,,,0,,,0,,,0
5.750178,,,0,,,0,,,0,,,0,,,0,,,0,,,0,,,0
5.783511,,,0,,,0,,,0,,,0,,,0,,,0,,,0,,,0
5.816844,,,0,,,0,,,0,,,0,,,0,,,0,,,0,,,0
5.850178,,,0,,,0,,,0,,,0,,,0,,,0,,,0,,,0
5.8835,,,0,,,0,,,0,,,0,,,0,,,0,,,0,,,0
5.916833,,,0,,,0,,,0,,,0,,,0,,,0,,,0,,,0
5.950167,,,0,,,0,,,0,,,0,,,0,,,0,,,0,,,0
5.9835,,,0,,,0,,,0,,,0,,,0,,,0,,,0,,,0
6.016833,,,0,,,0,,,0,,,0,,,0,,,0,,,0,,,0
6.050167,,,0,,,0,,,0,,,0,,,0,,,0,,,0,,,0
6.0835,,,0,,,0,,,0,,,0,,,0,,,0,,,0,,,0
6.116833,,,0,,,0,,,0,,,0,,,0,,,0,,,0,,,0
6.150167,,,1,,,1,,,0,,,0,,,0,,,0,,,0,,,0
6.183489,21.17489927146596,36.46487637290085,14,894.7984286500478,1000.019160842411,14,-55.80358892244021,5.128016648545746,14,-34.33473577549873,45.27313986038359,14,-79.19258044341098,-43.565118939175534,14,-65.49481764501675,5.9257101433792165,14,32.76111961609327,53.63873383518783,14,34.25289713479567,53.458260613976435,14
6.216822,29.637009466249836,39.2788092365482,14,1006.9839300103015,1129.6608211700188,14,-60.76648274513002,4.1961694354590975,14,-34.067386133076525,55.92425436097314,14,-91.04202660639176,-51.78111399687488,14,-78.44746218292218,6.653756452770011,14,37.75119725536153,64.00657562368397,14,38.11084358975897,63.127014919992654,14
6.250156,13.138379529752928,50.089107594586416,15,989.4114547196408,1227.9492355707575,15,-64.42979463899327,3.7814265288814823,15,-32.685686769841,65.85442673546498,15,-97.86316180419344,-55.76465029114038,15,-86.54326521836515,6.676590583289544,15,37.63320920635468,71.59078950665116,15,36.60250956043537,67.71632259394846,15
6.283489,3.067906188003806,28.477882768388245,15,979.8619898054322,1244.2188608473634,15,-67.33746030611889,3.990393757830418,15,-30.903905797305022,73.46633708390998,15,-99.63881097591363,-55.09883890147169,15,-86.15245284918917,5.825938686679539,15,35.16636276672065,64.93241499748777,15,32.79497298180664,62.168373657036184,15
6.316822,-4.714263553074512,6.573044688205202,15,939.5636636764966,1151.5330318240965,15,-73.7083135492542,5.508265044955905,15,-27.83317498388293,84.48976965919039,15,-95.03633922544998,-41.78510097277561,15,-67.09816016024156,3.7480396812417123,15,24.837271728583545,49.287419285335254,15,23.492799550914114,46.913859720312274,15
6.350156,-29.8621581477915,-2.387474062531208,15,879.0799173731032,982.3512270000804,15,-70.73080718337877,6.810977496070201,15,-23.638540062432554,82.02947062458867,15,-87.65356340999266,-28.6302176262163,15,-45.82582717942333,2.0632655386343393,15,8.533935705816281,35.35940479892355,15,6.920220514917178,33.996601007958034,15
6.383489,-41.38864888494036,1.508676395551771,15,717.1321301678857,859.0959745446871,15,-64.79608703577985,-32.928272862617675,14,-18.724382144895145,24.63334635014997,14,-74.05837241452105,-45.11924645727039,14,-26.33683996324921,-3.489827216207543,14,6.7510156626999995,34.28360563944233,14,5.281833632332848,32.72262722391113,14
6.416822,-48.02850347065668,11.434497750217057,15,571.4586900422019,822.912826183538,15,-56.82052170655472,-28.58527920867686,14,-20.516232433921623,26.769886045629455,14,-72.36995279757755,-27.945808796025702,14,-20.76385242627672,-0.0546051472113431,14,-6.594095816378074,34.58247724223959,14,-8.893945379440424,32.72928895524149,14
6.450156,-32.21189960924212,25.595976823341378,15,520.621340080192,800.1409565524737,15,-52.72514408829775,7.114679217078383,15,-26.63286724326709,45.61700528969304,15,-74.3564436667334,-28.841429288508184,15,-23.89266922734027,1.4311783823766393,15,0.25425157898015316,37.025520934113516,15,-0.01627849930298042,35.28517519723773,15
6.483478,17.936243458243112,47.13541990110127,15,584.6224532511769,783.2850841346263,15,-51.39473822763574,5.762637785870474,15,-30.912903723463053,36.70553336473114,15,-77.32921753459208,-41.52466782133283,15,-30.354852962253275,3.117504443478255,15,18.804361396604172,41.43942907668317,15,19.330787340674654,38.87212739920409,15
6.516811,60.10147279635974,73.45735563999506,14,728.3978703157751,813.8706356821356,14,-51.10218366041825,4.280557726577413,14,-34.64372265977064,30.28654888178376,14,-86.6676092230624,-59.81695596131392,14,-43.330003556090595,5.5745575157120495,14,40.26655101294557,52.230854903697534,14,34.00610115820137,47.95221480621953,14
6.550144,96.3801294360979,132.08524483576005,14,798.0560613860044,914.9682805023859,14,-49.52500697514696,3.704840222556882,14,-34.23529458919294,28.6405541258761,14,-96.3845762745395,-73.49556492706623,14,-53.997384411924074,7.423669848865945,14,49.38970579253151,74.05837619950313,14,37.65132445839177,62.18363637494631,14
6.583478,,,1,,,1,,,1,,,1,,,1,,,1,,,1,,,1
6.616811,,,0,,,0,,,0,,,0,,,0,,,0,,,0,,,0
6.650144,,,0,,,0,,,0,,,0,,,0,,,0,,,0,,,0
6.683478,,,0,,,0,,,0,,,0,,,0,,,0,,,0,,,0
6.716811,,,0,,,0,,,0,,,0,,,0,,,0,,,0,,,0
6.750144,,,0,,,0,,,0,,,0,,,0,,,0,,,0,,,0
6.783467,,,0,,,0,,,0,,,0,,,0,,,0,,,0,,,0
6.8168,,,0,,,0,,,0,,,0,,,0,,,0,,,0,,,0
6.850133,,,0,,,0,,,0,,,0,,,0,,,0,,,0,,,0
6.883467,,,0,,,0,,,0,,,0,,,0,,,0,,,0,,,0
6.9168,,,0,,,0,,,0,,,0,,,0,,,0,,,0,,,0
6.950133,,,0,,,0,,,0,,,0,,,0,,,0,,,0,,,0
6.983467,,,0,,,0,,,0,,,0,,,0,,,0,,,0,,,0
7.0168,,,0,,,0,,,0,,,0,,,0,,,0,,,0,,,0
7.050122,,,0,,,0,,,0,,,0,,,0,,,0,,,0,,,0
7.083456,,,0,,,0,,,0,,,0,,,0,,,0,,,0,,,0
7.116789,,,0,,,0,,,0,,,0,,,0,,,0,,,0,,,0
7.150122,,,0,,,0,,,0,,,0,,,0,,,0,,,0,,,0
7.183456,,,0,,,0,,,0,,,0,,,0,,,0,,,0,,,0
7.216789,,,0,,,0,,,0,,,0,,,0,,,0,,,0,,,0
7.250122,,,0,,,0,,,0,,,0,,,0,,,0,,,0,,,0
7.283456,,,0,,,0,,,0,,,0,,,0,,,0,,,0,,,0
7.316789,,,0,,,0,,,0,,,0,,,0,,,0,,,0,,,0
7.350111,,,0,,,0,,,0,,,0,,,0,,,0,,,0,,,0
7.383444,,,0,,,0,,,0,,,0,,,0,,,0,,,0,,,0
7.416778,,,0,,,0,,,0,,,0,,,0,,,0,,,0,,,0
7.450111,,,0,,,0,,,0,,,0,,,0,,,0,,,0,,,0
7.483444,,,0,,,0,,,0,,,0,,,0,,,0,,,0,,,0
7.516778,,,1,,,1,,,0,,,0,,,0,,,0,,,0,,,0
7.550111,-372.2166191167816,-304.5408701864575,14,1077.3226481088093,1230.6415446295985,14,,,0,,,0,,,0,,,0,,,0,,,0
7.583444,-393.2121007347333,-319.93123324643017,14,1046.6348223752757,1192.7332785867673,14,,,0,,,0,,,0,,,0,,,0,,,0
7.616778,-367.76677424868257,-270.66577269778696,15,914.0762756556214,1080.071728746044,15,,,0,,,0,,,0,,,0,,,0,,,0
7.6501,-308.4943830865574,-251.93569269267715,15,829.1914838497586,933.8004893265731,15,,,0,,,0,,,0,,,0,,,0,,,0
7.683433,-238.8023965117469,-195.38377896415656,15,675.1917211536688,754.7177344298315,15,,,0,,,0,,,0,,,0,,,0,,,0
7.716767,-182.09189013835322,-142.83347820675448,15,492.1911990415565,670.9474293844746,15,,,0,,,0,,,0,,,0,,,0,,,0
7.7501,-141.36262047779752,-76.86607173277989,15,353.27576147087393,615.5131310195338,15,,,0,,,0,,,0,,,0,,,0,,,0
7.783433,-116.44237710825914,-20.636007986787433,15,351.9673157509978,595.4925940778959,15,,,0,,,0,,,0,,,0,,,0,,,0
7.816767,-95.14620112663864,-11.573731827370555,15,438.7514974337418,617.3270491435586,15,,,0,,,0,,,0,,,0,,,0,,,0
7.8501,-77.27812102990063,-39.53776953606636,15,565.1275481486839,676.6781636916553,15,,,0,,,0,,,0,,,0,,,0,,,0
7.883433,-84.88406799809646,-66.81569216119115,15,712.130827677632,795.6697190043859,15,,,0,,,0,,,0,,,0,,,0,,,0
7.916756,-120.0774055848805,-65.13763136316489,15,853.9088375561087,954.0219261112795,15,,,0,,,0,,,0,,,0,,,0,,,0
7.950089,-116.84966633611222,-56.19168157930896,15,970.7329375932522,1104.1794300820516,15,,,0,,,0,,,0,,,0,,,0,,,0
7.983422,-112.0173093003057,-44.80451732649005,15,1053.9756474248227,1216.4512698594103,15,,,0,,,0,,,0,,,0,,,0,,,0
8.016756,-68.54761031633453,-25.632008024006044,15,1116.654603646246,1284.5671791900709,15,,,2,,,2,,,2,,,2,,,2,,,2
8.050089,-6.864654734187827,-5.210529287515258,15,1149.7574536620982,1302.5999327344164,15,-67.23284721333029,3.078538820602624,15,-70.7725609769969,-0.599036916467677,15,-137.07823638817138,-90.69285996610365,15,2.8372762295690306,12.794756576816614,15,97.77808658580712,127.51467016445288,15,87.5918731319539,114.7664403528798,15
8.083422,14.367526101626,48.28091206488835,15,1135.773073945665,1268.920160970965,15,-48.29127977544944,0.3489554014291869,15,-60.665996989806075,-15.438689007361416,15,-110.53096660433062,-83.3468340188956,15,-5.857702921097877,10.84232320743982,15,86.59781028917357,112.38905129483403,15,65.91391633073638,83.87864709539816,15
8.116756,36.40698845667348,112.65925661220447,15,1084.3297451127053,1211.471527757815,15,-33.18660990244946,-0.3164528494491563,13,-45.35067146076899,-17.09114988558255,13,-82.46066036225434,-64.96788615173023,13,-15.469352330774571,7.586227552979045,13,64.23651417951969,78.00409825658501,13,33.205210399363466,58.012824961890246,13
8.150089,51.971012532341,114.74173948067384,15,1025.189524229751,1145.4372588266144,15,,,1,,,1,,,1,,,1,,,1,,,1
8.183422,56.9681063481207,100.22206279111363,15,953.7988978509668,1065.7181857868898,15,,,0,,,0,,,0,,,0,,,0,,,0
8.216756,57.67687145114869,81.95451767561593,15,888.2266253491456,992.4754264067047,15,,,0,,,0,,,0,,,0,,,0,,,0
8.250078,47.18982416505058,57.67645175728436,15,838.5724956545199,937.0103804200738,15,,,0,,,0,,,0,,,0,,,0,,,0
8.283411,20.685504091353863,42.29405246862691,15,808.40115838803,903.3067510715764,15,,,0,,,0,,,0,,,0,,,0,,,0
8.316744,-19.761141797112597,30.74406745807406,15,788.3052159306461,880.856452349536,15,,,0,,,0,,,0,,,0,,,0,,,0
8.350078,-15.149724883838806,15.597975639256308,15,783.0232094883933,874.9451791341646,15,,,0,,,0,,,0,,,0,,,0,,,0
8.383411,0.6746523822835994,10.199690278481938,15,781.3995201829533,873.1307564491875,15,,,0,,,0,,,0,,,0,,,0,,,0
8.416744,-25.571465923222142,17.434437242516978,15,780.8949829486464,872.556219217392,15,,,0,,,0,,,0,,,0,,,0,,,0
8.450078,-45.54956980215834,7.436285675491127,15,769.9949153715321,860.3647807302623,15,,,0,,,0,,,0,,,0,,,0,,,0
8.483411,-63.435391399838544,-24.569773010748914,15,752.4953185703012,840.8125232665478,15,,,0,,,0,,,0,,,0,,,0,,,0
8.516744,-96.64406018917735,-78.30393163136297,14,718.9188263900106,803.3001120826219,14,,,0,,,0,,,0,,,0,,,0,,,0
8.550067,-126.87796763202016,-103.80924624438006,14,692.2620101726202,773.5247344062159,14,,,0,,,0,,,0,,,0,,,0,,,0
8.5834,,,1,,,1,,,0,,,0,,,0,,,0,,,0,,,0
8.616733,,,0,,,0,,,0,,,0,,,0,,,0,,,0,,,0
8.650067,,,0,,,0,,,0,,,0,,,0,,,0,,,0,,,0
8.6834,,,0,,,0,,,0,,,0,,,0,,,0,,,0,,,0
8.716733,,,0,,,0,,,0,,,0,,,0,,,0,,,0,,,0
8.750067,,,0,,,0,,,0,,,0,,,0,,,0,,,0,,,0
8.7834,,,0,,,0,,,0,,,0,,,0,,,0,,,0,,,0
8.816722,,,0,,,0,,,0,,,0,,,0,,,0,,,0,,,0
8.850056,,,0,,,0,,,0,,,0,,,0,,,0,,,0,,,0
8.883389,,,0,,,0,,,0,,,0,,,0,,,0,,,0,,,0
8.916722,,,0,,,0,,,0,,,0,,,0,,,0,,,0,,,0
8.950056,,,0,,,0,,,0,,,0,,,0,,,0,,,0,,,0
