frame,finite,inside_image,landmark_quality,bone_consistency,left_target,raw_pose_valid,near_heuristic_stroke,landmark_quality_min_critical,time_s,smooth_window_valid,normal_force_plausible,friction_compatible,double_support_compatible,feet_quasistationary,total_force_valid,torque_valid,com_x_m,com_z_projected_m,com_ax_m_s2,com_az_m_s2,required_hdot_Nm_diagnostic,load_fraction_left_diagnostic,support_lever_m_diagnostic,moment_balance_residual_Nm_diagnostic,total_Fx_N,total_Fz_N,total_Fz_BW,left_Fx_N,left_cop_x_m_assumed,left_Fz_N,left_cop_z_m_assumed,left_ankle_Nm,left_ankle_Nm_kg,left_knee_Nm,left_knee_Nm_kg,left_hip_Nm,left_hip_Nm_kg,right_Fx_N,right_cop_x_m_assumed,right_Fz_N,right_cop_z_m_assumed,right_ankle_Nm,right_ankle_Nm_kg,right_knee_Nm,right_knee_Nm_kg,right_hip_Nm,right_hip_Nm_kg
0,1,1,0,1,1,0,0,0.388206422328949,0.0,0,0,0,0,0,0,0,,,,,,,,,,,,,,,,,,,,,,,,,,,,,,,
1,1,1,0,1,1,0,0,0.3855244815349579,0.039511,0,0,0,0,0,0,0,,,,,,,,,,,,,,,,,,,,,,,,,,,,,,,
2,1,1,0,1,1,0,0,0.38378795981407166,0.072833,0,0,0,0,0,0,0,,,,,,,,,,,,,,,,,,,,,,,,,,,,,,,
3,1,1,0,1,1,0,0,0.39322009682655334,0.106167,0,0,0,0,0,0,0,,,,,,,,,,,,,,,,,,,,,,,,,,,,,,,
4,1,1,1,1,1,1,0,0.4105951189994812,0.1395,0,0,0,0,0,0,0,,,,,,,,,,,,,,,,,,,,,,,,,,,,,,,
5,1,1,1,1,1,1,0,0.4305395781993866,0.172833,0,0,0,0,0,0,0,,,,,,,,,,,,,,,,,,,,,,,,,,,,,,,
6,1,1,1,1,1,1,0,0.4685218632221222,0.206167,0,0,0,0,0,0,0,,,,,,,,,,,,,,,,,,,,,,,,,,,,,,,
7,1,1,1,1,1,1,0,0.4997107684612274,0.2395,0,0,0,0,0,0,0,,,,,,,,,,,,,,,,,,,,,,,,,,,,,,,
8,1,1,1,1,1,1,0,0.525780439376831,0.272833,0,0,0,0,0,0,0,,,,,,,,,,,,,,,,,,,,,,,,,,,,,,,
9,1,1,1,1,1,1,0,0.55333411693573,0.306167,0,0,0,0,0,0,0,,,,,,,,,,,,,,,,,,,,,,,,,,,,,,,
10,1,1,1,1,1,1,0,0.5773827433586121,0.3395,1,1,1,1,1,1,1,0.13420194652529102,1.1927332707850204,0.4120158269393259,-0.8890810469411529,-13.62390839446428,0.963869202728515,0.22670270042891447,0.0,37.15558727338842,804.4884711868472,0.9111886637069284,35.81312628211065,0.06425588570763077,775.4216613271483,0.22247966359930804,-35.12740829258113,-0.39030453658423475,-20.22327685095464,-0.22470307612171822,-13.152067401032012,-0.146134082233689,1.342460991277767,0.28972543721333116,29.066809859698918,0.19054728218969919,-1.6570787665358582,-0.018411986294842867,-5.390557098090241,-0.059895078867669344,1.9005703516876071,0.021117448352084525
11,1,1,1,1,1,1,0,0.5968307256698608,0.372833,1,1,1,0,1,1,0,0.1424245559880776,1.1888113588553957,0.6102625860898289,-1.022096799444994,-15.727231002353932,1.0253772066966362,0.24371154859536745,-7.105427357601002e-15,55.03348001358078,792.4931106260508,0.8976023452554658,,,,,,,,,,,,,,,,,,,,
12,1,1,1,1,1,1,0,0.6126880049705505,0.406156,1,1,1,1,1,1,1,0.1519866948469315,1.182818963798571,0.5805657888011688,-0.8771546765182885,-15.076504722264216,0.9504834406057674,0.25629849533119287,1.5987211554602254e-14,52.35542283408942,805.5639912715809,0.9124068312057774,49.76296242971507,0.05795386267313117,765.6752340519266,0.21963389923157325,-33.104054114793996,-0.36782282349771106,-9.397693214202086,-0.10441881349113429,-14.325430343753801,-0.15917144826393112,2.5924604043743504,0.3122407766562791,39.888757219654316,0.18036287500780823,-2.5889027946030945,-0.02876558660670105,-6.282665850253512,-0.06980739833615013,1.0640058340662186,0.011822287045180208
13,1,1,1,1,1,1,0,0.6276440024375916,0.439489,1,1,1,1,1,1,1,0.1628570797343476,1.175583995976421,0.3046792040603426,-0.5959136106008986,-13.51797721878101,0.7614625763046988,0.2689654025838145,3.552713678800501e-15,27.475970622161704,830.9263105960111,0.9411329828927524,20.921923376423468,0.05084712581647154,632.719289185797,0.22151134866972833,-23.046799699742415,-0.2560755522193602,15.390236557962126,0.1710026284218014,13.487598759571316,0.1498622084396813,6.554047245738234,0.31846991665664903,198.20702141021414,0.17646250076984366,-14.963183460761936,-0.16625759400846596,-30.343677521751378,-0.3371519724639042,-45.27946974070792,-0.5031052193411991
14,1,1,1,1,1,1,0,0.6415983438491821,0.472822,1,1,1,1,1,1,1,0.1744596584998492,1.1679335497942125,-0.11826703419263973,-0.3160228954194405,-12.114809968328878,0.5356600330097382,0.27829276293302785,-2.1316282072803006e-14,-10.665321143492253,856.1668552910751,0.9697212088470665,-5.712986275782519,0.042798533445908775,458.614365967061,0.22698832024019872,-13.402901941273953,-0.1489211326808217,31.307283467015303,0.3478587051890589,32.548177291021055,0.36164641434467837,-4.952334867709734,0.32177590233999054,397.55248932401406,0.1737643377898736,-28.564984815016267,-0.3173887201668474,-51.31180629676303,-0.5701311810751448,-90.61705211004336,-1.0068561345560374
15,1,1,1,1,1,1,0,0.6507824063301086,0.506156,1,1,1,1,1,1,1,0.1859731463218799,1.159858082062094,-0.5664707412931695,5.524943702269915e-05,-8.632533009860728,0.30777373679884823,0.28460991881157655,-8.881784197001252e-15,-51.084331449818045,884.6707823942309,1.0020056432146685,-15.722415582181425,0.032159685465254245,272.27843253423316,0.23704027313975212,-5.62088522566471,-0.06245428028516345,29.539437949817,0.32821597722018886,30.427557876440865,0.3380839764048985,-35.36191586763662,0.32095101248664964,612.3923498599977,0.1728376769173356,-40.561789134574724,-0.45068654593971913,-60.25761501972005,-0.6695290557746673,-122.74628347880791,-1.3638475942089767
16,1,1,1,1,1,1,0,0.6632789969444275,0.539489,1,1,1,1,0,1,0,0.1964666712971961,1.1514473417068456,-0.9065665745603856,0.3718683853784372,-6.31350365864159,0.1459839306586054,0.2931436612845302,3.552713678800501e-15,-81.75417369385559,918.2008909934277,1.0399828870692351,,,,,,,,,,,,,,,,,,,,
17,1,1,1,1,1,1,0,0.6707054376602173,0.572822,1,1,1,1,0,1,0,0.20579395168643136,1.143785404827628,-1.1562811990671993,0.60117007097737,-3.977113149411543,0.031391120161648904,0.3047560214694917,1.687538997430238e-14,-104.27343853188006,938.8793170007394,1.063403915506557,,,,,,,,,,,,,,,,,,,,
18,1,1,1,1,1,1,0,0.6774387359619141,0.606156,1,1,1,0,0,1,0,0.2136721604351406,1.136994924282576,-1.2951736147233592,0.7090566153006844,-0.17890747797387713,-0.04670465359220532,0.3176418433548431,-6.161737786669619e-15,-116.79875657575256,948.608525567816,1.07442351972796,,,,,,,,,,,,,,,,,,,,
19,1,1,1,1,1,1,0,0.6831180453300476,0.639489,1,1,1,0,0,1,0,0.21971628686433073,1.1317266837756648,-1.2786897886176862,0.6056954346403397,4.1572747288916485,-0.08218211584023807,0.33203701098531263,-1.7763568394002505e-15,-115.31224513754297,939.2874142958661,1.0638661391956803,,,,,,,,,,,,,,,,,,,,
20,1,1,1,1,1,1,0,0.6905545592308044,0.672822,1,1,1,0,1,1,0,0.22362386427275543,1.1271762996489358,-1.0645281335821428,0.4849839532641446,7.152032773293728,-0.052011970110593844,0.350680305994146,5.329070518200751e-15,-95.99914708643766,928.4016529053608,1.0515365872752982,,,,,,,,,,,,,,,,,,,,
21,1,1,1,1,1,1,0,0.6958370208740234,0.706144,1,1,1,0,1,1,0,0.22624001332381388,1.1231840010300538,-0.8367576485474283,0.38387420287632207,8.121338582677412,-0.010538474523082023,0.3702020001461863,-1.7763568394002505e-15,-75.4588047460071,919.283575615387,1.0412091693457775,,,,,,,,,,,,,,,,,,,,
22,1,1,1,1,1,1,0,0.7039626240730286,0.739478,1,1,1,1,1,1,1,0.22805206207300052,1.1198401229662742,-0.6710414393914838,0.2743117141158732,7.420242637745434,0.02001352369193676,0.38719446507211813,-1.7763568394002505e-15,-60.51451700432402,909.4032303789697,1.030018383032019,-1.2111087197721486,-0.09135403998948077,18.200363096713335,0.32758774894739795,0.4640015730179079,0.00515557303353231,-0.39482709295246865,-0.004386967699471874,-2.005903582429468,-0.022287817582549645,-59.30340828455187,0.3073532209752815,891.2028672822564,0.16744348342593804,-49.76329770801703,-0.5529255300890781,-42.949705665056186,-0.4772189518339576,-187.22704895952913,-2.080300543994768
23,1,1,1,1,1,1,0,0.711989164352417,0.772811,1,1,1,1,1,1,1,0.2290004962505349,1.1163015677317187,-0.5087609770748979,0.3051456614831898,6.237082309689365,0.05597255141785648,0.40446274303753493,1.7763568394002505e-15,-45.8800649126143,912.1838357525543,1.0331677831606685,-2.568024292375897,-0.10678657696966191,51.05725664919739,0.3273473455340621,1.1830050446487486,0.013144500496097207,9.688868894620077,0.10765409882911196,7.819640620733242,0.08688489578592491,-43.312040620238406,0.3062573474928534,861.1265791033569,0.1669021688812195,-49.388102654571824,-0.5487566961619091,-48.68459751345779,-0.5409399723717532,-192.66070577649523,-2.140674508627725
24,1,1,1,1,1,1,0,0.7165389060974121,0.806144,1,1,1,1,1,1,1,0.22981900692628876,1.1128346531805855,-0.44426953575115474,0.3903524484817741,7.003393045129561,0.06280182105707634,0.42059705768834676,8.881784197001252e-15,-40.064226734039146,919.8677838040867,1.0418708617103711,-2.51610639814126,-0.12278574513519051,57.769371954633634,0.32443390499347013,1.31108704492222,0.014567633832469111,11.720571629228871,0.13022857365809856,10.735197052149065,0.11927996724610072,-37.548120335897885,0.30510291787948063,862.0984118494531,0.16617496780012259,-49.581681014121884,-0.5509075668235764,-52.46747530456125,-0.5829719478284583,-197.55485711848465,-2.1950539679831627
25,1,1,1,1,1,1,0,0.7201962471008301,0.839478,1,1,1,1,1,1,1,0.2299432504446822,1.1098859343559848,-0.31645885377463573,0.44113210157156474,7.8166049266460345,0.0836519939807107,0.43708747316797963,1.2434497875801753e-14,-28.538259433396657,924.447092919724,1.0470575296406432,-2.3872823063424575,-0.13792574255554751,77.33184265240627,0.3197947978266028,1.5562650175383477,0.017291833528203862,17.890696201740017,0.19878551335266686,17.501220287210437,0.19445800319122708,-26.1509771270542,0.30412992592375115,847.1152502673178,0.16560375918894488,-48.97030295088203,-0.5441144772320226,-58.67226042997024,-0.6519140047774471,-203.0334906837349,-2.255927674263721
26,1,1,1,1,1,1,0,0.7236164808273315,0.872811,1,1,1,1,1,1,1,0.22988170149165896,1.1077184549836456,-0.21506293481741726,0.41848745331907766,9.936133407515026,0.09515318411406122,0.45069298025645577,3.552713678800501e-15,-19.39437546183469,922.4049985403146,1.0447445900332026,-1.8454365790971876,-0.150548253010993,87.76977265383692,0.3136350386014902,1.367306113188058,0.015192290146533977,20.751024725783804,0.2305669413975978,21.793455860580803,0.24214950956200892,-17.548938882737502,0.303364571625669,834.6352258864777,0.16523541283302481,-48.41150096567877,-0.5379055662853196,-64.0403770030095,-0.7115597444778833,-206.7228450805244,-2.2969205008947156
27,1,1,1,1,1,1,0,0.7253337502479553,0.906144,1,1,1,1,1,1,1,0.22958084264105988,1.1059186612712162,-0.10962091191636117,0.40737760474977125,12.629492028621561,0.10668186471637942,0.4630228714517985,-5.329070518200751e-15,-9.885613836617452,921.4031123963346,1.0436098226258177,-1.0546157179563915,-0.1617977230455685,98.2970021859167,0.30759004874476376,1.1024059409275164,0.012248954899194626,23.524049038739108,0.26137832265265676,26.007686418139702,0.2889742935348856,-8.83099811866106,0.30278463981903503,823.1061102104179,0.16471915269856774,-47.9458965526558,-0.5327321839183978,-69.97895044109313,-0.7775438937899237,-210.95089867309426,-2.343898874145492
28,1,1,1,1,1,1,0,0.7298007011413574,0.939478,1,1,1,1,1,1,1,0.22912679699193,1.1046531020283112,-0.004505978290389333,0.36391682495508126,14.393546712807458,0.12066568990844355,0.47368839909067445,5.329070518200751e-15,-0.4063491222273102,917.4838192744495,1.0391707093379199,-0.04903239717724884,-0.17135978585049247,110.70881803258519,0.3011816017041993,0.7144133184568521,0.00793792576063169,26.60431517338514,0.29560350192650153,30.459327946887985,0.33843697718764426,-0.35731672505006135,0.302389368445251,806.7750012418644,0.16410909513197278,-47.34367276770085,-0.5260408085300095,-75.49629378584342,-0.8388477087315935,-213.6297481048166,-2.3736638678312953
29,1,1,1,1,1,1,0,0.7341784238815308,0.972811,1,1,1,1,1,1,1,0.22871655035777355,1.104039029066059,0.07210328984288322,0.2644851806297762,15.491099623613515,0.1302654048559785,0.4820570033870393,-7.105427357601002e-15,6.502274678031211,908.5170735891935,1.0290146942906258,0.8470214434185129,-0.17929341691274817,118.34834440966512,0.295245777511269,0.30735937282289566,0.0034151041424766186,28.10320014747197,0.31225777941635524,33.342045430892284,0.3704671714543587,5.655253234612698,0.30183341980000566,790.1687291795284,0.16355511155453323,-46.65860732740119,-0.5184289703044577,-79.2281578384297,-0.880312864871441,-213.79023606651094,-2.3754470674056773
30,1,1,1,1,1,1,0,0.7379428148269653,1.006133,1,1,1,1,1,1,1,0.22858490020821481,1.1035104472891855,0.0860768248068733,0.2169236892062012,16.44913334160297,0.1280126729803311,0.4869575131170281,-3.552713678800501e-15,7.762408061083836,904.2279782926155,1.0241567315580649,0.9936866046634111,-0.18484346932379905,115.75264048483851,0.29003930055906185,0.01971456976251406,0.0002190507751390451,26.613903322766028,0.29571003691962255,32.82708411015407,0.3647453790017119,6.768721456420426,0.3010443136544646,788.475337807777,0.1633383732754526,-46.521340163445814,-0.5169037795938424,-81.0327769944502,-0.9003641888272245,-213.8837372829629,-2.376485969810699
31,1,1,1,1,1,1,0,0.7426179647445679,1.039467,1,1,1,1,1,1,1,0.2285333905185967,1.1033990958910103,0.08832490781419063,0.13527704305020602,15.00174477148682,0.12907223383817035,0.48951525472788177,2.1316282072803006e-14,7.965140186683713,896.8650837422678,1.015817288189226,1.028078436729448,-0.18835224415786578,115.76037981007221,0.28556447357477627,-0.10195897169833022,-0.0011328774633147802,25.90329432863617,0.2878143814292908,32.141361368899325,0.3571262374322147,6.937061749954265,0.3000967488370213,781.1047039321955,0.16333102927485804,-46.17508892564817,-0.513056543618313,-81.16154208577751,-0.9017949120641946,-211.36955777393618,-2.3485506419326243
32,1,1,1,1,1,1,0,0.7459774017333984,1.0728,1,1,1,1,1,1,1,0.22870668074103154,1.1032679524274511,0.05030775728346677,0.09255224066511311,12.355499726283613,0.12507083084724646,0.4897316004175751,-1.7763568394002505e-15,4.536753551823034,893.0121610631801,1.0114533481290973,0.5674155360757033,-0.19011553505098452,111.68977294086702,0.28205728758244747,-0.1272787351399949,-0.0014142081682221657,24.331448184059848,0.27034942426733166,29.631985634242916,0.3292442848249213,3.969338015747331,0.2990202453121658,781.3223881223131,0.16353240505125083,-46.29706749597947,-0.5144118610664385,-79.68821969025525,-0.8854246632250583,-208.16694760055844,-2.3129660844506494
33,1,1,1,1,1,1,0,0.7464431524276733,1.106133,1,1,1,1,1,1,1,0.22914812893139477,1.1032327905071657,-0.03193716508039362,0.046464841743213116,8.931628545254863,0.11384994772368107,0.48800343716411004,-3.552713678800501e-15,-2.8800935469498974,888.8559994284032,1.0067459501964018,-0.327898499759557,-0.19058198762641948,101.19620906880398,0.27984216212410795,-0.021703213693604877,-0.00024114681881783198,21.288219123280438,0.23653576803644932,24.826439074754607,0.27584932305282894,-2.5521950471903403,0.29779966573984024,787.6597903595991,0.16390749545659278,-46.78654711633464,-0.5198505235148293,-76.82236899514328,-0.8535818777238142,-203.07208783122962,-2.256356531458107
34,1,1,1,1,1,1,0,0.7455930709838867,1.139467,1,1,1,1,1,1,1,0.22945026600319626,1.1032715958887123,-0.07666806745259436,-0.002559635909083445,6.2906502056189195,0.10897348770933217,0.4850875381819105,-2.6645352591003757e-15,-6.913926322874961,884.4349720337191,1.0017385570661672,-0.7534346651690427,-0.18923444789347926,96.37996355462003,0.2792403990206069,-0.01777679730907038,-0.00019751997010078202,19.70048110266101,0.2188942344740112,21.86414989185377,0.24293499879837524,-6.1604916577059186,0.29676486359952986,788.0550084790991,0.1645016469750497,-47.55079895412136,-0.5283422106013484,-75.32731424268874,-0.8369701582520972,-198.92848930042496,-2.2103165477824995
35,1,1,1,1,1,1,0,0.748802125453949,1.1728,1,1,1,1,1,1,1,0.22946855420702963,1.103270776283681,-0.066626014420676,-0.03650038559562463,4.443219153562283,0.11333173762786984,0.48266857466736085,6.217248937900877e-15,-6.008333980456563,881.3741952269868,0.9982718260584287,-0.6809349302537181,-0.18784945103666567,99.8876690454398,0.27921339761649355,-0.063867193795472,-0.0007096354866163555,20.433936108093516,0.2270437345343724,22.11292319532113,0.24569914661467923,-5.327399050202845,0.2956098449598757,781.486526181547,0.16486610661667844,-48.22023018844814,-0.5357803354272016,-75.29239980060468,-0.8365822200067187,-196.79039946681291,-2.186559994075699
36,1,1,1,1,1,1,0,0.7478998899459839,1.206133,1,1,1,1,1,1,1,0.22938693682394215,1.103121556042702,-0.04885794270720893,-0.03961865465481042,2.6325700642953023,0.11918846930143706,0.47991485834665654,-8.43769498715119e-15,-4.406009273336102,881.0929897232294,0.9979533239588054,-0.5251455010168671,-0.18622593685034516,105.01612475733853,0.2794020061512399,-0.13890341202388892,-0.001543371244709877,21.64879014507695,0.24054211272307724,22.565775931201415,0.25073084368001575,-3.880863772319235,0.2942670420771105,776.0768649658908,0.16499210224720987,-48.74768467355984,-0.5416409408173315,-75.84945977329222,-0.8427717752588025,-195.2308050795368,-2.169231167550409
37,1,1,1,1,1,1,0,0.7506454586982727,1.239467,1,1,1,1,1,1,1,0.2292564817901359,1.1029117175543441,-0.03316946812147824,-0.03603947408014016,2.204016942724621,0.12153871557125512,0.47677841638512214,4.440892098500626e-16,-2.9912226351949083,881.4157602274532,0.9983189038707138,-0.3635493570692542,-0.18428165400224544,107.12613938230604,0.27928269485944407,-0.20483256449969367,-0.0022759173833299296,21.875819917621754,0.24306466575135283,22.32509234090428,0.24805658156560312,-2.627673278125654,0.29288763467950485,774.2896208451473,0.1649143850912216,-49.17493795161642,-0.5463881994624047,-76.72593881736563,-0.8525104313040626,-194.57851770577196,-2.161983530064133
38,1,1,1,1,1,1,0,0.7493785619735718,1.2728,1,1,1,1,1,1,1,0.22916173033636375,1.1027268713108733,-0.0348327558962783,-0.04623998716549816,2.18602011077422,0.11965201073783115,0.474132898148299,2.6645352591003757e-15,-3.141217926726378,880.4958779574157,0.9972770166014447,-0.3758530410985323,-0.18282175323083968,105.35310224397676,0.2790812652281653,-0.20165870341531292,-0.0022406522601701433,21.17659585789478,0.23529550953216424,21.296667067539772,0.23662963408377524,-2.7653648856278457,0.29172256782277484,775.1427757134389,0.16460353360461272,-49.51423479739124,-0.5501581644154582,-77.22038209751967,-0.8580042455279964,-193.65229220927688,-2.151692135658632
39,1,1,1,1,1,1,0,0.7511777877807617,1.306133,1,1,1,1,1,1,1,0.2289829091358679,1.1024242046119754,-0.027887948097101926,-0.03897540420195943,1.62053126021742,0.12138916949130885,0.47253743208915266,-8.215650382226158e-15,-2.5149351593966522,881.1509980490675,0.9980190259928275,-0.30528589032365205,-0.18200508616103106,106.96218784961421,0.27867776385951704,-0.17645607659930668,-0.0019606230733256297,21.49127029595082,0.23879189217723132,21.27330670690545,0.23637007452117167,-2.209649269073,0.2908621048600604,774.1888101994533,0.1638153673755376,-49.48211770947929,-0.5498013078831032,-78.07338321969412,-0.8674820357743791,-193.3194093987676,-2.147993437764084
40,1,1,1,1,1,1,0,0.7549348473548889,1.339456,1,1,1,1,1,1,1,0.22876345251651187,1.1020124034047574,-0.02105913098945111,-0.01460988990709274,1.2880550330153187,0.12275966454353429,0.47163977584729877,6.8833827526759706e-15,-1.8991124326287017,883.3482801281787,1.000507736015606,-0.2331344051599548,-0.1817496025010183,108.43953854364317,0.2781677294539714,-0.15957534807736545,-0.0017730594230818384,21.850774186560777,0.2427863798506753,21.514055277611273,0.23904505864012526,-1.665978027468747,0.2901387255516028,774.9087415845355,0.16306378405045274,-49.44408134193359,-0.5493786815770398,-78.93199575062403,-0.8770221750069336,-193.71731381577897,-2.1524145979530998
41,1,1,1,1,1,1,0,0.7578778862953186,1.372789,1,1,1,1,1,1,1,0.22854396397624982,1.1015742227273952,-0.021000909786502882,0.012148621908188335,1.1220798524548767,0.12242539839316922,0.4711196149182292,-9.769962616701378e-15,-1.8938620445468304,885.7613627236807,1.0032408684150873,-0.2318568153053477,-0.18187095736128248,108.43968771272309,0.2775620301078417,-0.12275980716674237,-0.0013639978574082486,21.859966405952918,0.24288851562169908,21.553692133640368,0.23948546815155963,-1.6620052292414826,0.28949637329802697,777.3216750109576,0.16220875937225515,-49.40617251840608,-0.5489574724267342,-79.31205946783558,-0.8812451051981731,-194.28991824476302,-2.158776869386256
42,1,1,1,1,1,1,0,0.7611140608787537,1.406122,1,1,1,1,1,1,1,0.2283282337483472,1.1011664503457146,-0.02760663681958921,0.03278615615634975,0.9535976688423113,0.12112086785398692,0.470908188314213,1.9984014443252818e-15,-2.4895665083905554,887.6224555621799,1.0053488000477742,-0.30153845607648405,-0.18215867056008256,107.50960214437816,0.27693308179947407,-0.10794775947576687,-0.001199419549730743,21.642879419075882,0.24047643798973203,21.543582065578832,0.23937313406198701,-2.1880280523140714,0.28907475957041706,780.1128534178017,0.16163274638713737,-49.499858801661944,-0.5499984311295771,-79.18502091069261,-0.8798335656743623,-194.80325254953254,-2.164480583883695
43,1,1,1,1,1,1,0,0.7611903548240662,1.439456,1,1,1,1,1,1,1,0.2280802052780504,1.100875879026539,-0.033784967148898164,0.03222362098550731,0.6149598529382221,0.12030953233823609,0.4707297107426299,-1.7763568394002505e-15,-3.0467283374876373,887.5717261404733,1.0052913423269603,-0.3665504614447892,-0.1824951081656453,106.7833392886013,0.27623479541907336,-0.1027578190021525,-0.0011417535444683611,21.463568505549482,0.23848409450610536,21.604611066265985,0.24005123406962206,-2.680177876042848,0.2886317645147007,780.788386851872,0.16134165683350252,-49.51190824451953,-0.5501323138279948,-78.62422189019007,-0.8736024654465564,-194.7819622862967,-2.164244025403297
44,1,1,1,1,1,1,0,0.7626107335090637,1.472789,1,1,1,1,1,1,1,0.22781237590842285,1.1006564778679784,-0.04255277754968873,0.02359848144794418,0.7222551578720549,0.11777654809573426,0.47020493826943677,7.771561172376096e-15,-3.8374094794309306,886.7939110569758,1.0044103647717473,-0.4519568421172236,-0.18263370185798183,104.4435257166062,0.27584976527524396,-0.1317455070882949,-0.0014638389676477211,20.82508412494057,0.23138982361045077,21.18174526055961,0.235352725117329,-3.385452637313707,0.28807013305328316,782.3503853403697,0.16157618666581594,-49.703421629390455,-0.5522602403265606,-77.92052342787,-0.865783593643,-194.68315029482315,-2.1631461143869237
45,1,1,1,1,1,1,0,0.7618737816810608,1.506122,1,1,1,1,1,1,1,0.22744954117188615,1.1003468344655547,-0.03835094752363574,0.04246780718808858,0.9727552067251924,0.11752930905711814,0.46951021921713243,3.885780586188048e-15,-3.458488447681472,888.4955468522221,1.006337690397805,-0.40647375763802845,-0.1825773768998011,104.424267721868,0.2755873839935704,-0.2043968817175166,-0.0022710764635279625,20.73650909880502,0.2304056566533891,21.26093038309392,0.23623255981215469,-3.0520146900434435,0.2873779854324173,784.0712791303541,0.1621426340101079,-50.147011349377486,-0.5571890149930832,-77.84130223575394,-0.8649033581750438,-195.336118371552,-2.1704013152394666
46,1,1,1,1,1,1,0,0.7640437483787537,1.539456,1,1,1,1,1,1,1,0.22690441946725887,1.1001389675247824,0.0026873373247325405,0.04931824998030245,1.8193799680833929,0.12340581502249307,0.4689554642593732,3.3306690738754696e-15,0.24234407994438056,889.1133197832239,1.0070373992334622,0.0299066687014125,-0.18235773573856293,109.72175387520325,0.2754180275647325,-0.35057920253101016,-0.0038953244725667795,21.871111655386983,0.24301235172652202,23.139176344599907,0.2571019593844434,0.21243741124296808,0.2865671439551392,779.3915659080207,0.16314529029638222,-50.39087042271105,-0.5598985602523451,-78.81184774542933,-0.8756871971714371,-196.77625630201504,-2.186402847800167
47,1,1,1,1,1,1,0,0.7601799368858337,1.572789,1,1,1,1,1,1,1,0.22644538851578902,1.0999807711348208,0.02814554459340425,0.05576394898418148,2.163641930999349,0.12704597840598325,0.4680646922286772,5.329070518200751e-15,2.538165211433196,889.6945929193937,1.0076957672662743,0.32246368264255976,-0.18207576995428001,113.03212003995735,0.2753902199626746,-0.48195368513171893,-0.005355040945907988,22.589577838597382,0.2509953093177487,24.116394383408927,0.2679599375934325,2.2157015287906363,0.2856736569407868,776.6624728794365,0.16421365540182564,-50.60291342253709,-0.5622545935837455,-79.46950801620177,-0.882994533513353,-197.4769940884962,-2.1941888232055136
48,1,1,1,1,1,1,0,0.7635372877120972,1.606122,1,1,1,1,1,1,1,0.22604894408214396,1.0999401858604343,0.04546201647231939,0.04653037294896895,2.2874100892130524,0.1293068741624941,0.4669569482320011,1.7763568394002505e-15,4.099764645473764,888.8619090325382,1.0067526435978458,0.5301277511081182,-0.18176129679001857,114.93595501910468,0.275391979919654,-0.5824545729144562,-0.006471717476827291,23.017267202017326,0.2557474133557481,24.613809729591402,0.2734867747732378,3.5696368943656456,0.28469298385962455,773.9259540134335,0.16533272547474104,-50.623113657032135,-0.5624790406336904,-79.8751477122452,-0.8875016412471688,-197.47157711311118,-2.194128634590124
49,1,1,1,1,1,1,0,0.7629287838935852,1.639444,1,1,1,1,1,1,1,0.225713567141658,1.0999891727963833,0.05751644146423657,0.026251483281597005,2.170726474753582,0.13083526019012384,0.46572310421296,-1.021405182655144e-14,5.186832691244855,887.0331587623346,1.0046813441639308,0.6786206047216609,-0.18145794162965845,116.05521412393747,0.27540581398722486,-0.6522765027951375,-0.00724751669772375,23.334299885683404,0.2592699987298156,24.79000934264322,0.2754445482515913,4.508212086523194,0.2836356133618703,770.977944638397,0.16638098669319845,-50.372999527127284,-0.5596999947458587,-80.072704932593,-0.8896967214732555,-196.97739157754395,-2.1886376841949327
50,1,1,1,1,1,1,0,0.7670479416847229,1.672778,1,1,1,1,1,1,1,0.2254513508908843,1.1000481384395695,0.0646185913837834,0.011585230082657242,2.058881851832365,0.13151286702697262,0.4646120511929536,9.769962616701378e-15,5.827304570989588,885.7105560488543,1.0031833231949872,0.7663655311702234,-0.18116798639069187,116.48233458203896,0.2753985492252047,-0.7044588702435316,-0.007827320780483685,23.52564643195128,0.2613960714661253,24.876748545615204,0.2764083171735023,5.060939039819364,0.2827427202681942,769.2282214668154,0.1672705816511471,-50.09791843295056,-0.5566435381438951,-80.33259605024337,-0.8925844005582596,-196.6368780054363,-2.1848542000604034
51,1,1,1,1,1,1,0,0.7649572491645813,1.706111,1,1,1,1,1,1,1,0.2252443096300847,1.1000694503011734,0.07273232451573543,0.009024761967712458,1.6449275662588798,0.1331119594975238,0.4638896614532732,-7.993605777301127e-15,6.559001024829023,885.4796530342485,1.0029217952590876,0.873081478761258,-0.1811587538534495,117.86793171057631,0.27530041633660585,-0.7383121007181124,-0.008203467785756804,24.100978481421727,0.26778864979357475,25.19984696203045,0.2799982995781161,5.6859195460677645,0.28194781992242457,767.6117213236721,0.16786378883294045,-49.72552999581355,-0.5525058888423728,-80.72338791290294,-0.8969265323655882,-196.52541949186622,-2.183615772131847
52,1,1,1,1,1,1,0,0.7664628624916077,1.739444,1,1,1,1,1,1,1,0.22530702853055576,1.1001003857126361,0.029655363811263432,0.006038236826835373,0.6981496264423491,0.12536345372698382,0.4627303992709629,-4.9960036108132044e-15,2.674320708499737,885.2103281970443,1.0026167495719156,0.3352620803911214,-0.18111956076142796,110.97302401757833,0.2750713349522253,-0.6474487200165419,-0.007193874666850465,22.694777771599732,0.25216419746221924,22.970784527548147,0.2552309391949794,2.3390586281086154,0.28129027279847485,774.2373041794659,0.168263886201164,-49.579492073891515,-0.5508832452654613,-80.01690638419663,-0.8890767376021848,-195.0529547448436,-2.1672550527204844
53,1,1,1,1,1,1,0,0.7665720582008362,1.772778,1,1,1,1,1,1,1,0.2254160898771135,1.1001686841390306,-0.027116303602477708,-0.004020040819238971,0.37319013084150815,0.11349002400712477,0.46160869691410145,-7.716050021144838e-15,-2.4453482588714404,884.3032727189213,1.0015893903261086,-0.2775226326051005,-0.18110149826937516,100.35959965044938,0.2746923071326892,-0.5123045870568551,-0.005692273189520612,20.179138241544706,0.22421264712827452,19.909353309892452,0.2212150367765828,-2.16782562626634,0.28080275464699767,783.9436730684719,0.16844959711802024,-49.53104666368763,-0.5503449629298626,-79.0486863970565,-0.8783187377450722,-193.44976460994064,-2.1494418289993407
54,1,1,1,1,1,1,0,0.7691453099250793,1.806111,1,1,1,1,1,1,1,0.22543116469524105,1.1002410149384065,-0.07092990068664576,-0.014774077369861081,0.1876275037498913,0.104520600061475,0.460883742179512,-4.163336342344337e-15,-6.396458443921716,883.3334737027863,1.0004909657976964,-0.6685616748269864,-0.18109922870010564,92.32654472580236,0.2744310033166031,-0.41443602746956854,-0.004604844749661873,18.252129792835312,0.20280144214261459,17.796873330840114,0.1977430370093346,-5.72789676909473,0.2805631664866564,791.0069289769839,0.16856981622679043,-49.552482473382554,-0.5505831385931395,-78.24448348210282,-0.8693831498011425,-192.2507200326686,-2.1361191114740956
55,1,1,1,1,1,1,0,0.7711493968963623,1.839444,1,1,1,1,1,1,1,0.22530417845839756,1.100333305318275,-0.09213336940404829,-0.03219409792840175,0.3459550547097993,0.09970568113106847,0.46058333787324757,-1.7208456881689926e-15,-8.308587252857077,881.762536248817,0.9987116731779555,-0.8284133512830278,-0.18120104355335787,87.91673427254675,0.2745190240138593,-0.3279373970277419,-0.0036437488558637987,17.299585172340706,0.19221761302600784,16.932941791531906,0.18814379768368786,-7.480173901574049,0.2803999724206769,793.8458019762703,0.16868617783560735,-49.463801799958595,-0.5495977977773178,-77.97703351416992,-0.8664114834907769,-191.66567552710137,-2.129618616967793
56,1,1,1,1,1,1,0,0.7721788287162781,1.872778,1,1,1,1,1,1,1,0.22515954768517418,1.1003582426878546,-0.12359251238254092,-0.043441066845212706,1.7461850570624082,0.0902876004973567,0.4595812378924723,-3.1086244689504383e-15,-11.145572766657542,880.7482845918989,0.9975629002060243,-1.0063070212701948,-0.18053408060513026,79.52064925796559,0.275051239480377,-0.24401225692781772,-0.0027112472991979745,15.105201079345484,0.16783556754828316,15.005237677354438,0.166724863081716,-10.139265745387346,0.28042861478015446,801.2276353339333,0.16879316073285955,-49.764685299585786,-0.5529409477731754,-78.07641255739505,-0.8675156950821672,-191.48242295389804,-2.1275824772655336
57,1,1,1,1,1,1,0,0.773181676864624,1.906111,1,1,1,1,1,1,1,0.22477717141811468,1.100243794663493,-0.12720309821928402,-0.035782599691750634,3.9534464310694193,0.08509609920939094,0.4582791763058381,-3.1086244689504383e-15,-11.471175397415037,881.4389251597983,0.9983451411935645,-0.9761522796667546,-0.1793279282258947,75.00701422241711,0.2760182140821461,-0.21458317378553102,-0.0023842574865059,13.95304841849567,0.15503387131661855,14.630269539741375,0.16255855044157083,-10.495023117748282,0.28038670057054826,806.4319109373811,0.16870074952920644,-50.10227618585319,-0.556691957620591,-78.90988157190854,-0.876776461910095,-192.77016275157337,-2.1418906972397043
58,1,1,1,1,1,1,0,0.7721022367477417,1.939444,1,1,1,1,1,1,1,0.22423332460368312,1.100139023333426,-0.12694513611586128,-0.03897161904710578,6.350273839992576,0.08124312525373531,0.45623932205721784,1.7763568394002505e-15,-11.447912374928373,881.1513393943324,0.9980194126110911,-0.9300641789700923,-0.1770864299549887,71.58748863391038,0.2779524300310007,-0.2187850265158267,-0.0024309447390647413,13.102809114958916,0.14558676794398795,14.663294550551331,0.1629254950061259,-10.517848195958281,0.2806132437515769,809.5638507604219,0.16851206300038965,-50.46478547031267,-0.5607198385590296,-79.91902411559786,-0.8879891568399763,-193.99589482458344,-2.1555099424953714
59,1,1,1,1,1,1,0,0.771352231502533,1.972767,1,1,1,1,1,1,1,0.22355458958718,1.100036920929008,-0.12735122588514444,-0.052194894713671704,8.785882349013539,0.0778557581823222,0.45351931019428077,5.329070518200751e-15,-11.484533550322329,879.9588643947213,0.9966687783381144,-0.8941370669306614,-0.17401392822016878,68.50986455670628,0.28073436448708333,-0.22681063761692108,-0.0025201181957435676,12.453035294823733,0.13836705883137482,14.895364525504279,0.1655040502833809,-10.590396483391668,0.2810123947473393,811.4489998380151,0.16822458464647128,-50.88945342851582,-0.5654383714279536,-80.79971259000689,-0.89777458433341,-194.87316495740728,-2.1652573884156365
60,1,1,1,1,1,1,0,0.7721987962722778,2.0061,1,1,1,1,1,1,1,0.22283412569459438,1.1000495523561855,-0.15186962865654138,-0.10929389141195323,11.657970652184261,0.0684615747879643,0.44888945499034744,0.0,-13.695603112246905,874.8096768724703,0.9908366484001248,-0.9376225567353682,-0.1692735554052718,59.89084811843951,0.2840408964761154,-0.2091384841985481,-0.0023237609355394235,10.286621693725728,0.11429579659695253,13.82291245396489,0.15358791615516543,-12.757980555511537,0.2814913467323165,814.9188287540308,0.16775987962783565,-51.27664877986794,-0.5697405419985326,-80.6953542248174,-0.8966150469424155,-194.0767432720865,-2.1564082585787387
61,1,1,1,1,1,1,0,0.770713210105896,2.039433,1,1,1,1,1,1,1,0.22179924655732375,1.0997327647937876,-0.14866296679939486,-0.12135548914010945,13.71893761479954,0.06883848100084518,0.44394410631739334,0.0,-13.406426345969432,873.7219619893452,0.9896046686933346,-0.922878025306247,-0.1634637342669061,60.145692680424716,0.28719404374575963,-0.261998915121606,-0.0029110990569067336,10.729943524275267,0.11922159471416964,15.194845622578423,0.16883161802864916,-12.483548320663186,0.28238001514606553,813.5762693089205,0.16679648656795276,-51.5890431238946,-0.5732115902654955,-81.50423553876406,-0.9056026170973784,-194.93138297447584,-2.1659042552719536
62,1,1,1,1,1,1,0,0.7683276534080505,2.072767,1,1,1,1,1,1,1,0.22049031072885142,1.099222415251641,-0.12011981176690617,-0.11520173827888644,15.098682833843997,0.0778936026194955,0.4379192268837967,-8.881784197001252e-15,-10.832404625139601,874.2769072420103,0.9902332169464382,-0.8437750212842092,-0.1560519826435703,68.10057799211069,0.2899563192129746,-0.4504682551561221,-0.005005202835068024,13.363082607744616,0.14847869564160684,18.47739169199398,0.20530435213326645,-9.988629603855392,0.28343860804749454,806.1763292498996,0.1658453188693658,-51.78920211001731,-0.5754355790001923,-82.73026760616662,-0.9192251956240736,-196.63587525128764,-2.1848430583476404
63,1,1,1,1,1,1,0,0.7600979208946228,2.1061,1,1,1,1,1,1,1,0.21916834243889485,1.098506503625321,-0.11653200095597556,-0.08300231748802155,14.684334526437052,0.08882552119498122,0.4294369010389952,1.0658141036401503e-14,-10.508855846209878,877.1806510089305,0.9935220874492359,-0.9334545977025178,-0.1457484987705201,77.91602850802117,0.29194615290599846,-0.767641644843077,-0.008529351609367521,16.418599559740986,0.18242888399712207,21.295922589889948,0.2366213621098883,-9.57540124850736,0.28524197619343555,799.2646225009092,0.16484067477981362,-51.94982830427046,-0.577220314491894,-83.4744586052001,-0.9274939845022233,-197.49986256721004,-2.1944429174134448
64,1,1,1,1,1,1,0,0.7529934644699097,2.139433,1,1,1,1,1,1,1,0.21806626983303926,1.0975862421308498,-0.19298505329329788,-0.013110554113474802,12.441522384980555,0.08871292558443852,0.41513044111131703,-1.0658141036401503e-14,-17.403392105989607,883.4834902300471,1.0006608791822935,-1.5439058288154608,-0.13034201441857585,78.37640512385819,0.29114523191753194,-1.0515246310625699,-0.011683607011806332,16.18723969189051,0.17985821879878344,19.653664640018977,0.21837405155576642,-15.859486277174145,0.28737022934282774,805.1070851061888,0.1641683260479334,-52.47378420184339,-0.5830420466871488,-82.57461610809472,-0.9174957345343857,-196.35447286128706,-2.181716365125412
65,1,1,1,1,1,1,0,0.7449541687965393,2.172767,1,1,1,1,1,1,1,0.21682725432044272,1.0967267805186298,-0.299145185329775,0.04919571194022524,9.739182479885084,0.08583699353227818,0.3976684838748389,-3.552713678800501e-15,-26.976912813039117,889.1022693027697,1.0070248831156072,-2.3156170906536713,-0.11136629771456612,76.3178657396757,0.2874913396639506,-1.344463847846278,-0.014938487198291979,14.599978128093895,0.16222197920104328,16.677183584907624,0.18530203983230692,-24.661295722385447,0.2902392200118819,812.7844035630941,0.1637665796440229,-52.87080044107975,-0.5874533382342194,-81.16595924238617,-0.9018439915820685,-194.50280095559964,-2.161142232839996
66,1,1,1,1,1,1,0,0.7417940497398376,2.2061,1,1,1,1,1,1,1,0.21526929345569476,1.0961428319495914,-0.4312758194347252,0.05573132027572462,6.370196530526673,0.0795262513004147,0.37862859428405654,3.552713678800501e-15,-38.89245339662353,889.6916504624651,1.0076924345480405,-3.09297102250955,-0.09080100554850698,70.75384177455871,0.2813057626913778,-1.5129934452221936,-0.016811038280246597,11.770259808316286,0.1307806645368476,12.386459958320104,0.13762733287022338,-35.79948237411398,0.2933334671485385,818.9378086879063,0.16362683882046822,-52.74596574785628,-0.586066286087292,-78.43628702008161,-0.8715143002231289,-190.51774928720508,-2.1168638809689453
67,1,1,1,1,1,1,0,0.7340564131736755,2.239433,1,1,1,1,1,1,1,0.21304811401832588,1.0956963084693159,-0.5357344757034553,0.02779931116164925,2.6348605156952845,0.08296495330207179,0.36101158915694964,2.6645352591003757e-15,-48.312535018937616,887.1727418805577,1.0048394403449514,-4.008247211750867,-0.07072150570094834,73.60424510099146,0.27281873061133116,-1.8518034477391432,-0.020575593863768258,10.863000843286244,0.12070000936984715,9.774429694661853,0.1086047743851317,-44.30428780718675,0.2967631238610866,813.5684967795663,0.16377547542131246,-51.77530203850325,-0.5752811337611472,-76.09385054709057,-0.8454872283010063,-186.51718788519977,-2.072413198724442
68,1,1,1,1,1,1,0,0.7261354327201843,2.272756,1,1,1,1,1,1,1,0.21015350997360124,1.0952779946470308,-0.6120022383228753,-0.017785627443899204,-0.05393510238261348,0.0920563749074507,0.3455215748167278,3.469446951953614e-15,-55.1903618519569,883.0618921171094,1.0001833640470148,-5.0806246419216095,-0.052201658888509916,81.2914766072154,0.2627488444219013,-2.3244245265532872,-0.025826939183925413,11.001359347722397,0.12223732608580441,8.802051029674182,0.0978005669963798,-50.10973721003529,0.30015627183488536,801.7704155098941,0.16415198428132294,-50.3413571218392,-0.55934841246488,-74.2918721252916,-0.8254652458365734,-183.13154158231956,-2.0347949064702173
69,1,1,1,1,1,1,0,0.7170962691307068,2.306089,1,1,1,1,1,1,1,0.2063494573143916,1.0947535470906102,-0.609995594065241,-0.05867255311349222,-3.743844142128326,0.12823324737235636,0.3334657726955783,-5.329070518200751e-15,-55.00940267280344,879.3747091602255,0.9960071459510991,-7.054034340747164,-0.036468778435431254,112.76507461273712,0.25210871498173926,-3.646129718796919,-0.040512552431076876,16.386804353071035,0.1820756039230115,12.099116666864509,0.13443462963182787,-47.955368332056274,0.3031206321178735,766.6096345474883,0.16463667822007064,-47.65985283908981,-0.5295539204343312,-73.33599259065116,-0.8148443621183462,-179.3116802097362,-1.9923520023304024
70,1,1,1,1,1,1,0,0.7052662372589111,2.339422,1,1,1,1,1,1,1,0.20188200051271935,1.0942381490059527,-0.5805358878783644,-0.12138292766302713,-6.3169289541911935,0.1706879944202008,0.3253467439438186,-1.1546319456101628e-14,-52.35272636887091,873.7194875833484,0.9896018661041435,-8.935981866332137,-0.024575812491223537,149.13342702144726,0.24192615847726684,-5.222149293342765,-0.05802388103714184,22.56627900091825,0.2507364333435361,16.114618367222143,0.17905131519135714,-43.416744502538776,0.3059584693433978,724.5860605619011,0.16508941289642576,-44.82461044994116,-0.49805122722156847,-72.59199274728796,-0.8065776971920885,-174.80278711653892,-1.9422531901837659
71,1,1,1,1,1,1,0,0.6983598470687866,2.372756,1,1,1,1,1,1,1,0.1964894693676995,1.093606136030002,-0.4595627619749747,-0.17862395345142323,-6.266446412835579,0.23150591133518145,0.3220756758414357,1.5987211554602254e-14,-41.443369874903226,868.557491877751,0.983755229219335,-9.594385111690476,-0.017440300744266363,201.0761937041582,0.2326670042780558,-7.515180706022651,-0.08350200784469612,31.145667666940994,0.34606297407712217,22.267495249963705,0.24741661388848563,-31.84898476321275,0.3082023979178855,667.4812981735928,0.16559000860372303,-41.5825180081292,-0.46202797786810224,-72.72951442328575,-0.8081057158142861,-170.53682984659554,-1.8948536649621726
72,1,1,1,1,1,1,0,0.6870526075363159,2.406089,1,1,1,1,1,1,1,0.1909810874251785,1.0925875641323763,-0.41516629856722714,-0.1625159751705769,-4.330042093537981,0.26184496975609806,0.321942396576193,1.1546319456101628e-14,-37.439696804792554,870.0101093591177,0.9854005089581126,-9.803396277528387,-0.014492504918173096,227.80777077263772,0.22427250678842325,-8.769736591087632,-0.09744151767875146,35.506158332619066,0.39451287036243404,24.940721501236002,0.27711912779151116,-27.636300527264165,0.31025588642780805,642.20233858648,0.16599178851747687,-40.19940961206493,-0.4466601068007215,-73.40664033067269,-0.8156293370074743,-169.07938890770413,-1.8786598767522682
73,1,1,1,1,1,1,0,0.6798452734947205,2.439422,1,1,1,1,1,1,1,0.18465903668834346,1.0911737027145856,-0.3055234792875989,-0.06620170294296455,-1.9968866818669821,0.3077637554726609,0.3261378546800117,1.3988810110276972e-14,-27.552107362155674,878.6957304286037,0.9952381135220338,-8.479540032962978,-0.0160923311235288,270.43069791449994,0.21743776359669864,-10.596307750667652,-0.11773675278519613,42.85414143179367,0.4761571270199297,29.250100361104288,0.325001115123381,-19.072567329192694,0.3118181686876747,608.2650325141038,0.166016194618974,-38.657125458380385,-0.4295236162042265,-74.42150610099354,-0.8269056233443727,-168.0681180255309,-1.8674235336170102
74,1,1,1,1,1,1,0,0.6723722815513611,2.472756,1,1,1,1,1,1,1,0.17805346951431988,1.089526313654545,-0.24031820042147814,0.0867255987184625,0.7575328333380829,0.3357002344587247,0.3319109213123793,3.5083047578154947e-14,-21.671895314008903,892.4867144924312,1.0108582110006017,-7.275260338077726,-0.020357755948869558,299.60799930640604,0.21262966114336274,-11.775872823786324,-0.1308430313754036,48.50060800806938,0.5388956445341042,32.51772619056645,0.3613080687840717,-14.396634975931176,0.3127770639734285,592.8787151860251,0.16625660240068854,-38.21856022436616,-0.42465066915962396,-75.63414116935994,-0.8403793463262215,-169.08803061638338,-1.8787558957375932
75,1,1,1,1,1,1,0,0.6688944101333618,2.506089,1,1,1,1,1,1,1,0.17133908339679974,1.0878685684440492,-0.24467134750106845,0.2716617925177806,4.374349892045106,0.3413202765864194,0.3372024678584995,-2.6645352591003757e-15,-22.064462117646357,909.1642604492538,1.0297477182571682,-7.531048312725628,-0.024695279261079783,310.31619683902676,0.2090473543842618,-12.034316034963302,-0.13371462261070335,50.67980150312124,0.563108905590236,34.79807207175409,0.3866452452417121,-14.53341380492073,0.31363933455389437,598.8480636102271,0.16648855041910393,-38.9595040036235,-0.4328833778180389,-76.82779811614697,-0.8536422012905218,-173.3828127846491,-1.9264756976072124
76,1,1,1,1,1,1,0,0.6675671935081482,2.539422,1,1,1,1,1,1,1,0.16403517925210598,1.0866809876227392,-0.1760822984996122,0.3998952552301062,6.786580703506656,0.3722105972043404,0.34059695066192786,1.5987211554602254e-14,-15.879101678695033,920.7283541166512,1.0428455704118826,-5.9103699188955225,-0.02725669624657917,342.70485054872813,0.2057820115391865,-13.354265403592082,-0.1483807267065787,53.860500663767475,0.5984500073751942,36.17136786394604,0.4019040873771782,-9.96873175979951,0.31406457991151154,578.0235035679231,0.1667197617596257,-38.19555638857229,-0.4243950709841366,-75.41893038272774,-0.8379881153636415,-172.0948246611957,-1.91216471845773
77,1,1,1,1,1,1,0,0.6657693982124329,2.572744,1,1,1,1,1,1,1,0.15666089368032937,1.086255904590431,-0.09920513621103509,0.4197190671839748,7.497174157795668,0.40988488202517637,0.34318864361489326,8.881784197001252e-16,-8.946319183511147,922.5160654786511,1.0448703879019718,-3.6669609830930385,-0.02918332615092814,378.1253886650468,0.20365488927755415,-14.760756983561436,-0.16400841092846039,56.059748820525556,0.6228860980058395,36.429476823499954,0.40477196470555504,-5.279358200418108,0.31437592121596064,544.3906768136043,0.16710344322092113,-36.425035414245684,-0.40472261571384094,-71.56376012175538,-0.7951528902417264,-165.8647488685853,-1.8429416540953922
78,1,1,1,1,1,1,0,0.6630048751831055,2.606078,1,1,1,1,1,1,1,0.14931340040370028,1.08615403811941,-0.02001597055548725,0.45247765754163355,5.885722197705138,0.45528939844702343,0.34556501317284255,-3.108624468950438e-14,-1.8050402246938406,925.4702351571048,1.0482163723605218,-0.8218156780735387,-0.030837464959235006,421.35678664530354,0.20289622098782076,-16.366533580392417,-0.1818503731154713,58.275352394409595,0.6475039154934399,35.81619388887607,0.3979577098764008,-0.9832245466203019,0.3147970490906063,504.1134485118012,0.16759911119651597,-34.292774630853465,-0.38103082923170517,-66.40205808990618,-0.737800645443402,-156.58179313613647,-1.7397977015126274
79,1,1,1,1,1,1,0,0.6627168655395508,2.639411,1,1,1,1,1,1,1,0.14199976055185184,1.0865588048787365,0.054433278469518856,0.48612380575360814,1.4494317918377981,0.5065384032048933,0.34748086537236883,1.199040866595169e-14,4.9087930523812116,928.5044448028607,1.0516530125754453,2.486492194416453,-0.03258074755735038,470.32315883908706,0.20309217161836973,-18.241995495299076,-0.2026888388366564,61.05955025040696,0.678439447226744,33.616422836062455,0.37351580928958283,2.4223008579647587,0.31471990568112657,458.18128596377363,0.16808629748343942,-31.402633808222806,-0.34891815342469784,-59.878769112409344,-0.6653196568045483,-143.91385363417055,-1.5990428181574505
80,1,1,1,1,1,1,0,0.6679303050041199,2.672744,1,1,1,1,1,1,1,0.13452642619985056,1.0875441816121647,0.167372958641778,0.5175621596648843,-3.1736000626010545,0.566542565412188,0.34873402516750895,2.930988785010413e-14,15.093693410315545,931.3395555585795,1.054864147195129,8.551219786225206,-0.03437481182908124,527.6435010760046,0.2044093146090729,-20.708252858815136,-0.2300916984312793,63.37445990608468,0.7041606656231632,27.835732800508644,0.3092859200056516,6.5424736240903405,0.3138244120201684,403.69605448257494,0.16858431237235572,-27.76573763414537,-0.30850819593494855,-52.69728367627937,-0.5855253741808819,-127.69485687726007,-1.4188317430806674
81,1,1,1,1,1,1,0,0.6767768263816833,2.706078,1,1,1,1,1,1,1,0.1275989992947813,1.0891965957521006,0.17021881657291074,0.538003279330298,-8.627777677585666,0.6001638346382963,0.34930338666652494,1.0658141036401503e-14,15.350332878545094,933.1829357300065,1.0569520169101896,9.21271464336194,-0.035851322187193,560.0626491267435,0.2063843579396969,-21.98995774372168,-0.24433286381912975,65.1897085682367,0.7243300952026299,23.014429679903756,0.25571588533226397,6.1376182351831545,0.3128832172733511,373.120286603263,0.1689300672818242,-25.54689585266123,-0.28385439836290255,-46.838720823491826,-0.5204302313721314,-116.11583118807233,-1.2901759020896926
82,1,1,1,1,1,1,0,0.6733255982398987,2.739411,1,1,1,1,1,1,1,0.12078366290876863,1.0917139286643125,0.15172097270385237,0.5018104883089755,-11.560173261385888,0.6192340048120517,0.3488856910521538,1.7763568394002505e-14,13.68219731843341,929.9190698357038,1.053255260885382,8.472481840122235,-0.03749667470615228,575.8375097654608,0.20878772134425655,-22.537904581878472,-0.2504211620208719,65.24321065311491,0.7249245628123879,18.39549869322451,0.2043944299247168,5.209715478311175,0.3108474584655356,354.0815600702429,0.16941390780304164,-23.733119330049995,-0.2637013258894444,-42.291916549677964,-0.4699101838853107,-107.66294737789494,-1.1962549708654993
83,1,1,1,1,1,1,0,0.668764054775238,2.772744,1,1,1,1,1,1,1,0.11382320186571122,1.0948699750707171,0.1877771851287457,0.43833823467117866,-13.406332155041769,0.6488735245036021,0.34811865606923054,-2.6645352591003757e-14,16.93374655491029,924.1951420026471,1.046772162195772,10.98785981013537,-0.03912734203979948,599.6857591203647,0.2112447274539454,-23.702979872898766,-0.2633664430322085,64.29888045956105,0.7144320051062338,11.267386969560079,0.12519318855066755,5.94588674477492,0.3082971967628365,324.5093828822824,0.17017283659744004,-21.281991010800446,-0.23646656678667163,-37.83511389515822,-0.4203901543906469,-96.66340840413685,-1.0740378711570762
84,1,1,1,1,1,1,0,0.6588675379753113,2.806078,1,1,1,1,1,1,1,0.1072269716931368,1.0985263569336046,0.2112584082619581,0.3460708598591386,-12.294716947953336,0.6658118503466742,0.3467136043232072,-2.4868995751603507e-14,19.051283257063385,915.8744701420973,1.0373479104565604,12.684570156863987,-0.04050532495064972,609.8000756505896,0.21321017302476647,-24.38737316206597,-0.2709708129118441,62.053029230896605,0.6894781025655179,4.165139040822961,0.046279322675810676,6.366713100199398,0.30541148454938416,306.07439449150763,0.17129929130549693,-19.51357390714145,-0.2168174878571272,-35.13664011708082,-0.39040711241200915,-89.11022276235707,-0.9901135862484118
85,1,1,1,1,1,1,0,0.6534599661827087,2.839411,1,1,1,1,1,1,1,0.1002966669202526,1.1025257886509987,0.41998756145090915,0.2399130885571718,-11.333436866315248,0.7322051651675768,0.3454966573005741,8.881784197001252e-15,37.874478291642994,906.301162326086,1.0265048842746471,27.73188863316826,-0.041891758736348955,663.5983922525387,0.2152287206536594,-27.581174557690474,-0.3064574950854497,57.980426919648025,0.644226965773867,-13.344756459265298,-0.14827507176961444,10.142589658474732,0.3021188131000965,242.70277007354733,0.17245204025996488,-15.134844002338369,-0.1681649333593152,-29.623459209696147,-0.3291495467744016,-68.42591711813313,-0.760287967979257
86,1,1,1,1,1,1,0,0.6473891139030457,2.872744,1,1,1,1,1,1,1,0.09451388502015795,1.106704100008957,0.5202709359193756,0.14205519845640677,-8.270057034303298,0.7620521736319968,0.3440168900413309,-1.0835776720341528e-13,46.9180330012093,897.4763377967989,1.0165096135426424,35.753989031109306,-0.0431872973244147,683.9237940013348,0.21690778501942387,-28.818206910768147,-0.320202299008535,52.77963934134519,0.5864404371260576,-24.700951413112108,-0.27445501570124564,11.164043970099993,0.29904331127451694,213.55254379546406,0.17375264286141923,-12.953914236653022,-0.1439323804072558,-26.85383520975043,-0.2983759467750048,-57.57507574998023,-0.6397230638886692
87,1,1,1,1,1,1,0,0.6333366632461548,2.906067,1,1,1,1,1,1,1,0.0891773596728271,1.1111043781182248,0.659286431111514,0.03209588972020006,-4.806998100860056,0.8014386513488695,0.34227304012385834,-2.842170943040401e-14,59.45445035763635,887.5602073349679,1.0052782957695865,47.649094511312384,-0.04418422833526005,711.3250555574597,0.2179211740600795,-30.679341556452734,-0.34088157284947485,45.058277757259475,0.5006475306362164,-39.5720634277548,-0.43968959364172,11.805355846323963,0.29599329121514795,176.23515177750824,0.17518740529669224,-10.387797499347517,-0.11541997221497241,-22.997659036677728,-0.25552954485197477,-44.04375704151095,-0.48937507823901055
88,1,1,1,1,1,1,0,0.6243293881416321,2.9394,1,1,1,1,1,1,1,0.08435977842743941,1.1157872963816204,0.808910912757375,-0.10995023390101764,-3.7276172769539415,0.8534884159857165,0.34060186028905765,-2.2648549702353193e-14,72.9475861124601,874.7504879068065,0.9907696091367159,62.25991972110522,-0.04477720177146158,746.5894083063129,0.21882004543218614,-33.423466633125805,-0.3713718514791756,36.22889050528006,0.40254322783644514,-58.67654347284655,-0.6519615941427394,10.687666391354881,0.29348229263594233,128.1610796004936,0.17655437440121147,-7.294080453425021,-0.08104533837138912,-17.125108268181883,-0.1902789807575765,-26.167241630439534,-0.29074712922710594
89,1,1,1,1,1,1,0,0.6196874380111694,2.972733,1,1,1,1,1,1,1,0.08085547140975176,1.1205062878009564,0.7999860093897919,-0.2655517205080879,-3.0986193243031304,0.8625707795920711,0.3387945268114707,-3.4638958368304884e-14,72.14273832677145,860.7183458445809,0.9748763686086542,62.228218040430036,-0.04495480581961364,742.430494584358,0.2198918141491215,-33.80813538215548,-0.3756459486906164,31.33719547086141,0.348191060787349,-64.23427015119188,-0.7137141127910209,9.914520286341416,0.2915252793080587,118.28785126022291,0.1781052422058953,-6.586011419613182,-0.07317790466236869,-15.651663011517082,-0.17390736679463423,-22.00749849219961,-0.2445277610244401
90,1,1,1,1,1,1,0,0.6214883327484131,3.006067,1,1,1,1,1,1,1,0.0784196804505601,1.1247481639337908,0.699909818212754,-0.3885523299407042,-1.3219579560033703,0.8396406064635704,0.3372336672612279,-3.175237850427948e-14,63.11786740642617,849.6261508859475,0.9623130036085031,52.996324467818894,-0.04453265344092032,713.380616597186,0.22059265908937592,-32.944771965319305,-0.36605302183688115,29.258400644363306,0.3250933404929256,-60.21231723912169,-0.6690257471013521,10.121542938607277,0.29057189389912774,136.24553428876155,0.179423553876082,-7.601030936284785,-0.08445589929205317,-17.98466915589197,-0.19982965728768856,-27.98073088170478,-0.31089700979671975
91,1,1,1,1,1,1,0,0.6273587346076965,3.0394,1,1,1,1,1,1,1,0.07661634049065333,1.129208880623739,0.6196612519910044,-0.702276125309901,1.2806276895164017,0.8207817313531824,0.3349689369767154,1.2878587085651816e-14,55.88105170454879,821.3345390195534,0.9302690440814966,45.86614636789626,-0.04380928412491836,674.136384956637,0.2206799157652739,-32.31664166649321,-0.35907379629436903,27.623043037818732,0.30692270042020814,-56.355386642926405,-0.6261709626991823,10.014905336652527,0.289192411107944,147.1981540629164,0.180383611677753,-8.12652316390779,-0.09029470182119766,-19.203504653486537,-0.2133722739276282,-30.097766310738873,-0.3344196256748764
92,1,1,1,1,1,1,0,0.6264819502830505,3.072733,1,1,1,1,1,1,1,0.07541829131381941,1.1327390804651758,0.5786665506959816,-1.0338124355921485,2.8491503132063727,0.8157195170014813,0.33346420373788765,1.4210854715202004e-14,52.18414954176363,791.4365945583003,0.8964057022973159,42.5676292593405,-0.042722126597364005,645.5902766503939,0.22039944207114784,-32.25809026269061,-0.3584232251410068,26.762581454546467,0.2973620161616274,-55.886320485938214,-0.6209591165104246,9.616520282423132,0.28886861873496217,145.8463179079064,0.18100442687738125,-7.985832100966305,-0.0887314677885145,-18.934053895957124,-0.21037837662174583,-28.41598581630507,-0.315733175736723
93,1,1,1,1,1,1,0,0.6251427531242371,3.106067,1,1,1,1,1,1,1,0.0753936460094985,1.1344855328989705,0.4619586615219112,-1.2312723964799506,5.3812941763109565,0.7767802570362646,0.3330912973333473,-1.865174681370263e-14,41.65943209604596,773.6296552854384,0.8762370090445558,32.360224371551396,-0.04136793029303229,600.9402424834997,0.219762710897612,-30.61271162106355,-0.34014124023403947,29.81731141982247,0.33130346022024965,-48.110347970046405,-0.5345594218894045,9.299207724494567,0.29012195263783297,172.68941280193874,0.18106202912978683,-9.436949840903567,-0.10485499823226187,-22.234630241915795,-0.2470514471323977,-36.29782535475745,-0.4033091706084161
94,1,1,1,1,1,1,0,0.6297856569290161,3.1394,1,1,1,1,1,1,1,0.07580036387781587,1.133855689394176,0.4025700530666535,-1.1292835612434637,8.024051776421949,0.7503320730593356,0.3324988157765206,-2.1316282072803006e-14,36.30376738555082,782.8270084470647,0.8866542172919523,27.23988104226424,-0.03946299325617503,587.3802120949241,0.21935972387640001,-30.70488738278822,-0.34116541536431355,33.58777225052093,0.3731974694502325,-46.402368666249814,-0.5155818740694423,9.063886343286578,0.2916124876834722,195.44679635214064,0.18096229650054313,-10.485044908948202,-0.11650049898831336,-24.827188079791874,-0.2758576453310208,-43.361248594987224,-0.4817916510554136
95,1,1,1,1,1,1,0,0.6307946443557739,3.172733,1,1,1,1,1,1,1,0.07586423561083182,1.1316864195522818,0.5416312417699768,-0.841991813237573,3.9569633546174185,0.8089110751360409,0.33367060181651614,3.863576125695545e-14,48.844305382816515,808.7349782822358,0.9159983897182419,39.510699581487216,-0.03823754841354386,654.1946807824061,0.21908153492623705,-35.48839369146831,-0.394315485460759,36.88116630770081,0.4097907367522312,-62.16741454238493,-0.6907490504709437,9.333605801329298,0.29372169263488745,154.54029749982976,0.1806788383480929,-8.193682326050126,-0.0910409147338903,-19.84858221606528,-0.22053980240072535,-33.38186192439968,-0.3709095769377742
96,1,1,1,1,1,1,0,0.6375167369842529,3.206067,1,1,1,1,1,1,1,0.07715019794980177,1.127770050346902,0.5218836438037467,-0.24419338336579768,1.1200726859340748,0.8032994124686431,0.33490692764797003,-3.419486915845482e-14,47.06346699822189,862.6444406880727,0.9770579235338912,37.80605538840902,-0.0371496593056557,692.96177237407,0.2181941143261802,-37.435609706189,-0.4159512189576555,45.26014989800675,0.5028905544222972,-60.51653538328189,-0.6724059487031321,9.257411609812872,0.2962039841750434,169.68266831400265,0.18059436526263573,-8.824778876668374,-0.0980530986296486,-21.284950525806256,-0.23649945028673616,-40.51893711544858,-0.4502104123938731
97,1,1,1,1,1,1,0,0.6510241031646729,3.239389,1,1,1,1,1,1,1,0.07927433243208383,1.1233509867467792,0.3617114170617058,0.4957100311357884,-1.8274535947279564,0.7555055996621454,0.3368631372712492,-4.218847493575595e-14,32.61913559062464,929.3689306078256,1.0526321560854293,24.643939594855695,-0.03691835538709712,702.1434312262321,0.2169077795126429,-36.12041599592367,-0.401337955510263,57.65700513138911,0.6406333903487679,-42.822611943350566,-0.47580679937056186,7.975195995768942,0.29887179414740145,227.22549938159355,0.1804269041811636,-11.497673514445266,-0.12775192793828072,-26.70014424949607,-0.2966682694388452,-59.39109326301471,-0.659901036255719
98,1,1,1,1,1,1,0,0.6564270853996277,3.272722,1,1,1,1,1,1,1,0.08230267737027985,1.1198051672673663,0.02162183761754479,1.1629697563469261,-2.7691790072939106,0.6615833211748543,0.33962264650412183,5.3290705182007514e-14,1.9498573163501898,989.5424126273662,1.120786513339411,1.2899930791680472,-0.037212397089399815,654.6647557893909,0.2152265405780611,-30.80212707922502,-0.34224585643583355,68.74443607608099,0.763827067512011,-11.068793207343916,-0.12298659119271017,0.6598642371821427,0.30234100315513224,334.87765683797517,0.17974981849255206,-16.5335606448019,-0.18370622938668776,-34.99553572615552,-0.3888392858461725,-88.79612190039865,-0.986623576671096
99,1,1,1,1,1,1,0,0.6372774243354797,3.306056,1,1,1,1,1,1,1,0.08524530019021767,1.1180418111109052,-0.3186138666428057,1.6234068554177685,-5.764068525762052,0.5843360509145896,0.3433488072914235,-1.865174681370263e-14,-28.732598493848226,1031.0646302215746,1.1678158684127018,-16.789493136409757,-0.03789837624915057,602.4882342613865,0.21303146617277907,-25.676177820640646,-0.28529086467378495,76.45324808762723,0.8494805343069692,15.871218542368954,0.17634687269298838,-11.943105357438467,0.30654749313044743,428.57639596018805,0.1784466802638181,-20.866614341668935,-0.23185127046298817,-41.10006795388096,-0.4566674217097884,-111.00620898665055,-1.233402322073895
100,1,1,1,1,1,1,0,0.6190789341926575,3.339389,1,1,1,1,1,1,1,0.08778107279903125,1.1187654552106379,-0.6336254300505888,1.7701692196394236,-8.224279911491921,0.5173778230937311,0.34945886696856504,1.7763568394002505e-15,-57.14034128196211,1044.2996602270835,1.182806275033507,-29.563145383294415,-0.039317620761798455,540.2974848658115,0.21070921940640894,-20.496127665563755,-0.22773475183959727,78.56413968709077,0.8729348854121197,36.97431400610638,0.41082571117895983,-27.577195898667693,0.3125281140553108,504.0021753612719,0.17664013071427664,-25.120178250735794,-0.27911309167484216,-47.65887337170693,-0.5295430374634104,-127.23722176147547,-1.4137469084608385
101,1,1,1,1,1,1,0,0.6122279167175293,3.372722,1,1,1,1,1,1,1,0.08913206805264728,1.1224162421222368,-0.7739883776916157,1.5364790124945824,-11.42364115727026,0.49467962136418425,0.3547012404558966,7.105427357601002e-15,-69.79827190022992,1023.2254773467617,1.1589370000529637,-34.52778271548012,-0.03935129764867523,506.1687917040828,0.20859654783550974,-18.21215052881177,-0.20235722809790854,77.74559921858274,0.863839991317586,48.65892635589574,0.5406547372877304,-35.270489184749806,0.3184848989962918,517.056685642679,0.17472261144703544,-27.309278448950863,-0.30343642721056513,-53.569255214380625,-0.5952139468264513,-130.50918260672148,-1.450102028963572
102,1,1,1,1,1,1,0,0.600589394569397,3.406056,1,1,1,1,1,1,1,0.08930402444617432,1.1286441486908436,-0.759381834095535,0.9932699495848099,-13.417645552964494,0.5040527098225607,0.35834573012252724,-7.105427357601002e-15,-68.48105379873536,974.2388840535585,1.1034532609056047,-34.51806073875712,-0.037800399786543856,491.06774952170366,0.20638757117989057,-18.135636765447266,-0.2015070751716363,74.40089917477545,0.826676657497505,54.98619457676081,0.6109577175195645,-33.96299305997824,0.3237948240164779,483.1711345318549,0.17273784679801163,-27.845882821674554,-0.30939869801860614,-59.14640395611697,-0.6571822661790775,-124.66955254295374,-1.3852172504772637
103,1,1,1,1,1,1,0,0.5981535911560059,3.439389,1,1,1,1,1,1,1,0.08806213026777046,1.1369441515530443,-0.5565886524094855,0.21159433246137382,-14.351763486648363,0.5554013011815021,0.3575277788408046,-3.552713678800501e-15,-50.19316467428742,903.7473769013669,1.0236123874746481,-27.87734897051664,-0.035235550059349724,501.9424690703886,0.20455398241634015,-20.509362524943686,-0.22788180583270762,69.80187853665268,0.7755764281850298,55.47208309131358,0.6163564787923731,-22.315815703770777,0.3247431165051113,401.8049078309783,0.17034551058585734,-25.387514140509726,-0.28208349045010805,-59.5055532027215,-0.6611728133635723,-107.60503071302566,-1.1956114523669517
104,1,1,1,1,1,1,0,0.6015639901161194,3.472722,1,1,1,1,1,1,1,0.08624667966564842,1.1452814055505163,-0.338754529676592,-0.4637803339467572,-13.82278560072434,0.6102365878608818,0.35045175052300775,-5.329070518200751e-15,-30.54888348623507,842.8420894846818,0.9546291646672123,-18.642046421599726,-0.03269400998103297,514.3330807926682,0.2032921573071213,-23.184182131124597,-0.2576020236791622,63.805750129958014,0.7089527792217557,52.25314867948651,0.5805905408831834,-11.906837064635344,0.3192571264311206,328.5090086920136,0.16827317176012402,-22.243071622075888,-0.24714524024528764,-55.39111019795498,-0.6154567799772775,-89.87231961675175,-0.9985813290750195
105,1,1,1,1,1,1,0,0.5968895554542542,3.506056,1,1,1,1,1,1,1,0.08403836048449,1.1522598928902192,-0.1247869567728029,-0.8525723059829868,-10.785171933585476,0.6593682620860636,0.33716929536858076,8.881784197001252e-15,-11.253287761771368,807.7808294464545,0.9149176910708511,-7.420060794233556,-0.030951429600177438,532.6250416585476,0.20305203420959508,-25.89794398059737,-0.2877549331177485,57.82395728389331,0.6424884142654812,46.49763448795588,0.5166403831995098,-3.833226967537813,0.30675623129808915,275.1557877879069,0.1667556658224979,-19.242194390205906,-0.21380215989117674,-49.869401720968774,-0.5541044635663197,-76.07199245964385,-0.8452443606627095
106,1,1,1,1,1,1,0,0.5957950949668884,3.539378,0,0,0,0,0,0,0,,,,,,,,,,,,,,,,,,,,,,,,,,,,,,,
107,1,1,1,1,1,1,0,0.6022435426712036,3.572711,0,0,0,0,0,0,0,,,,,,,,,,,,,,,,,,,,,,,,,,,,,,,
108,1,1,1,1,1,1,0,0.6085183620452881,3.606044,0,0,0,0,0,0,0,,,,,,,,,,,,,,,,,,,,,,,,,,,,,,,
109,1,1,1,1,1,1,0,0.6217594742774963,3.639378,0,0,0,0,0,0,0,,,,,,,,,,,,,,,,,,,,,,,,,,,,,,,
110,1,1,1,1,1,1,0,0.6349666714668274,3.672711,0,0,0,0,0,0,0,,,,,,,,,,,,,,,,,,,,,,,,,,,,,,,
111,1,1,1,1,1,1,0,0.638091504573822,3.706044,0,0,0,0,0,0,0,,,,,,,,,,,,,,,,,,,,,,,,,,,,,,,
112,1,1,1,1,1,1,1,0.634194016456604,3.739378,0,0,0,0,0,0,0,,,,,,,,,,,,,,,,,,,,,,,,,,,,,,,
113,1,1,1,1,1,1,1,0.6223973631858826,3.772711,0,0,0,0,0,0,0,,,,,,,,,,,,,,,,,,,,,,,,,,,,,,,
114,1,1,1,1,1,1,1,0.6186008453369141,3.806044,0,0,0,0,0,0,0,,,,,,,,,,,,,,,,,,,,,,,,,,,,,,,
115,1,1,1,1,1,1,1,0.6392778158187866,3.839367,0,0,0,0,0,0,0,,,,,,,,,,,,,,,,,,,,,,,,,,,,,,,
116,1,1,1,1,1,1,1,0.6513795256614685,3.8727,0,0,0,0,0,0,0,,,,,,,,,,,,,,,,,,,,,,,,,,,,,,,
117,1,1,1,1,1,1,1,0.666793167591095,3.906033,0,0,0,0,0,0,0,,,,,,,,,,,,,,,,,,,,,,,,,,,,,,,
118,1,1,1,1,1,1,1,0.6918238401412964,3.939367,0,0,0,0,0,0,0,,,,,,,,,,,,,,,,,,,,,,,,,,,,,,,
119,1,1,1,1,1,1,0,0.7147044539451599,3.9727,0,0,0,0,0,0,0,,,,,,,,,,,,,,,,,,,,,,,,,,,,,,,
120,1,1,1,1,1,1,0,0.7351261377334595,4.006033,0,0,0,0,0,0,0,,,,,,,,,,,,,,,,,,,,,,,,,,,,,,,
121,1,1,1,1,1,1,0,0.7532177567481995,4.039367,0,0,0,0,0,0,0,,,,,,,,,,,,,,,,,,,,,,,,,,,,,,,
122,1,1,1,1,1,1,0,0.773219645023346,4.0727,0,0,0,0,0,0,0,,,,,,,,,,,,,,,,,,,,,,,,,,,,,,,
123,1,1,1,1,1,1,0,0.7919136881828308,4.106033,0,0,0,0,0,0,0,,,,,,,,,,,,,,,,,,,,,,,,,,,,,,,
124,1,1,1,1,1,1,0,0.8089709281921387,4.139367,0,0,0,0,0,0,0,,,,,,,,,,,,,,,,,,,,,,,,,,,,,,,
125,1,1,1,1,1,1,0,0.8240844011306763,4.172689,0,0,0,0,0,0,0,,,,,,,,,,,,,,,,,,,,,,,,,,,,,,,
126,1,1,1,1,1,1,0,0.8374074101448059,4.206022,0,0,0,0,0,0,0,,,,,,,,,,,,,,,,,,,,,,,,,,,,,,,
127,1,1,1,1,1,1,0,0.8506695032119751,4.239356,0,0,0,0,0,0,0,,,,,,,,,,,,,,,,,,,,,,,,,,,,,,,
128,1,1,1,1,1,1,0,0.8637112975120544,4.272689,0,0,0,0,0,0,0,,,,,,,,,,,,,,,,,,,,,,,,,,,,,,,
129,1,1,1,1,1,1,0,0.8756659626960754,4.306022,0,0,0,0,0,0,0,,,,,,,,,,,,,,,,,,,,,,,,,,,,,,,
130,1,1,1,0,1,0,0,0.8848640322685242,4.339356,0,0,0,0,0,0,0,,,,,,,,,,,,,,,,,,,,,,,,,,,,,,,
131,1,1,1,1,1,1,0,0.8941602110862732,4.372689,0,0,0,0,0,0,0,,,,,,,,,,,,,,,,,,,,,,,,,,,,,,,
132,1,1,1,1,1,1,0,0.8904221653938293,4.406022,0,0,0,0,0,0,0,,,,,,,,,,,,,,,,,,,,,,,,,,,,,,,
133,1,1,1,0,1,0,0,0.8976210355758667,4.439356,0,0,0,0,0,0,0,,,,,,,,,,,,,,,,,,,,,,,,,,,,,,,
134,1,1,1,0,1,0,0,0.9066799879074097,4.472678,0,0,0,0,0,0,0,,,,,,,,,,,,,,,,,,,,,,,,,,,,,,,
135,1,1,1,0,1,0,0,0.9142580628395081,4.506011,0,0,0,0,0,0,0,,,,,,,,,,,,,,,,,,,,,,,,,,,,,,,
136,1,1,1,0,1,0,0,0.921309232711792,4.539344,0,0,0,0,0,0,0,,,,,,,,,,,,,,,,,,,,,,,,,,,,,,,
137,1,1,1,0,1,0,0,0.9280591011047363,4.572678,0,0,0,0,0,0,0,,,,,,,,,,,,,,,,,,,,,,,,,,,,,,,
138,1,1,1,0,1,0,0,0.9339627027511597,4.606011,0,0,0,0,0,0,0,,,,,,,,,,,,,,,,,,,,,,,,,,,,,,,
139,1,1,1,0,1,0,0,0.9397584199905396,4.639344,0,0,0,0,0,0,0,,,,,,,,,,,,,,,,,,,,,,,,,,,,,,,
140,1,1,1,0,1,0,0,0.9446384906768799,4.672678,0,0,0,0,0,0,0,,,,,,,,,,,,,,,,,,,,,,,,,,,,,,,
141,1,1,1,0,1,0,0,0.9493880271911621,4.706011,0,0,0,0,0,0,0,,,,,,,,,,,,,,,,,,,,,,,,,,,,,,,
142,1,1,1,0,1,0,0,0.9538021087646484,4.739344,0,0,0,0,0,0,0,,,,,,,,,,,,,,,,,,,,,,,,,,,,,,,
143,1,1,1,0,1,0,0,0.9574825763702393,4.772678,0,0,0,0,0,0,0,,,,,,,,,,,,,,,,,,,,,,,,,,,,,,,
144,1,1,1,1,1,1,1,0.9603960514068604,4.806,0,0,0,0,0,0,0,,,,,,,,,,,,,,,,,,,,,,,,,,,,,,,
145,1,1,1,1,1,1,1,0.9601825475692749,4.839333,0,0,0,0,0,0,0,,,,,,,,,,,,,,,,,,,,,,,,,,,,,,,
146,1,1,1,1,1,1,1,0.9631680846214294,4.872667,0,0,0,0,0,0,0,,,,,,,,,,,,,,,,,,,,,,,,,,,,,,,
147,1,1,1,1,1,1,1,0.9650574922561646,4.906,0,0,0,0,0,0,0,,,,,,,,,,,,,,,,,,,,,,,,,,,,,,,
148,1,1,1,1,1,1,1,0.9648565053939819,4.939333,0,0,0,0,0,0,0,,,,,,,,,,,,,,,,,,,,,,,,,,,,,,,
149,1,1,1,1,1,1,1,0.9635568857192993,4.972667,0,0,0,0,0,0,0,,,,,,,,,,,,,,,,,,,,,,,,,,,,,,,
150,1,1,1,1,1,1,0,0.9570541977882385,5.006,0,0,0,0,0,0,0,,,,,,,,,,,,,,,,,,,,,,,,,,,,,,,
151,1,1,1,1,1,1,0,0.943244457244873,5.039333,0,0,0,0,0,0,0,,,,,,,,,,,,,,,,,,,,,,,,,,,,,,,
152,1,1,1,1,1,1,0,0.931477963924408,5.072667,0,0,0,0,0,0,0,,,,,,,,,,,,,,,,,,,,,,,,,,,,,,,
153,1,1,1,1,1,1,0,0.9225860238075256,5.105989,0,0,0,0,0,0,0,,,,,,,,,,,,,,,,,,,,,,,,,,,,,,,
154,1,1,1,1,1,1,0,0.9158607125282288,5.139322,0,0,0,0,0,0,0,,,,,,,,,,,,,,,,,,,,,,,,,,,,,,,
155,1,1,1,1,1,1,0,0.910226583480835,5.172656,0,0,0,0,0,0,0,,,,,,,,,,,,,,,,,,,,,,,,,,,,,,,
156,1,1,1,1,1,1,0,0.9052148461341858,5.205989,1,1,1,0,0,1,0,0.5928949087040278,1.099223910355443,-2.960048775678591,2.979058811044967,-39.47449699078649,1.085243864595709,0.4289075008751648,1.1368683772161603e-13,-266.9371985906954,1153.3173235800355,1.3062830712198836,,,,,,,,,,,,,,,,,,,,
157,1,1,1,1,1,1,0,0.8940252065658569,5.239322,1,1,1,0,0,1,0,0.5862966681247396,1.100622738969504,-3.156130511891239,2.862722213890987,-50.745318320841236,1.0708794927428584,0.40663235992277325,4.973799150320701e-14,-284.619849562352,1142.8260892486894,1.2944003729173057,,,,,,,,,,,,,,,,,,,,
158,1,1,1,1,1,1,0,0.8811641335487366,5.272656,1,1,1,0,1,1,0,0.5756333329732826,1.1075581483654702,-3.140952991401048,1.9109134429242265,-52.465209624871136,1.07368976420333,0.3897747359512565,-1.4210854715202004e-14,-283.25114076454656,1056.991974282907,1.19718198469012,,,,,,,,,,,,,,,,,,,,
159,1,1,1,1,1,1,0,0.8789467215538025,5.305989,1,1,1,0,1,1,0,0.5604416119577906,1.1182069387988185,-2.812729138960097,0.37797349611460174,-45.58123464373802,1.0876453731853777,0.37448756233215624,-7.105427357601002e-15,-253.65191375142157,918.7514498796149,1.0406064671872408,,,,,,,,,,,,,,,,,,,,
160,1,1,1,1,1,1,0,0.8749425411224365,5.339322,1,1,1,0,1,1,0,0.540980252583005,1.1310100608163745,-2.16117047810871,-1.6206214117221436,-31.18292886979515,1.0980258183149039,0.36286277623548824,-3.552713678800501e-14,-194.89435371584352,738.5181610908973,0.8364686386803684,,,,,,,,,,,,,,,,,,,,
161,1,1,1,1,1,1,0,0.8794964551925659,5.372656,1,1,1,0,0,1,0,0.5185947869556754,1.1420564010899295,-1.3656096440877854,-3.5636926331165752,-13.955318380142897,1.0776201014679194,0.34981624222681557,5.329070518200751e-15,-123.15067770383652,563.2919983455474,0.6380020368620992,,,,,,,,,,,,,,,,,,,,
162,1,1,1,1,1,1,0,0.8873015642166138,5.405989,1,1,1,0,0,1,0,0.4952312660687364,1.1472271095364703,-0.7288821586773597,-4.897114335454548,5.397720262198034,1.061660792792988,0.33733061802107056,1.9539925233402755e-14,-65.73059306952432,443.044029228709,0.5018054470820127,,,,,,,,,,,,,,,,,,,,
163,1,1,1,1,1,1,0,0.8931331634521484,5.439311,1,1,1,0,0,1,0,0.47190505274481526,1.1438987256447057,-0.3355146200362018,-5.2670721721213,16.550294045775768,1.0092293242545043,0.3204957980986993,1.7763568394002505e-14,-30.256708434864684,409.6812315181013,0.46401770474357373,,,,,,,,,,,,,,,,,,,,
164,1,1,1,1,1,1,0,0.9000447988510132,5.472644,1,1,1,1,0,1,0,0.4488652392578191,1.1312096213837035,-0.14225191756263583,-4.509470799348635,19.74406958603438,0.9308085400847272,0.3087787654742226,-2.4868995751603507e-14,-12.828277925798503,478.0017233147403,0.5413996186598031,,,,,,,,,,,,,,,,,,,,
165,1,1,1,1,1,1,0,0.9062103033065796,5.505978,1,1,1,1,0,1,0,0.42641744057011766,1.110513239492193,-0.18954459292706252,-2.7722352498151426,24.1157169907557,0.9530977647983403,0.30496365207152454,2.1316282072803006e-14,-17.0931313901625,634.6656251716706,0.718842026471481,,,,,,,,,,,,,,,,,,,,
166,1,1,1,1,1,1,0,0.9118044972419739,5.539311,0,0,0,0,0,0,0,,,,,,,,,,,,,,,,,,,,,,,,,,,,,,,
167,1,1,1,1,1,1,0,0.9163240790367126,5.572644,0,0,0,0,0,0,0,,,,,,,,,,,,,,,,,,,,,,,,,,,,,,,
168,1,1,1,1,1,1,0,0.9200733304023743,5.605978,0,0,0,0,0,0,0,,,,,,,,,,,,,,,,,,,,,,,,,,,,,,,
169,1,1,1,1,1,1,0,0.9235799908638,5.639311,0,0,0,0,0,0,0,,,,,,,,,,,,,,,,,,,,,,,,,,,,,,,
170,1,1,1,1,1,1,0,0.9249952435493469,5.672644,0,0,0,0,0,0,0,,,,,,,,,,,,,,,,,,,,,,,,,,,,,,,
171,1,1,1,1,1,1,0,0.9261462688446045,5.705978,0,0,0,0,0,0,0,,,,,,,,,,,,,,,,,,,,,,,,,,,,,,,
172,1,1,1,1,1,1,1,0.9257053732872009,5.7393,0,0,0,0,0,0,0,,,,,,,,,,,,,,,,,,,,,,,,,,,,,,,
173,1,1,1,1,1,1,1,0.9247583746910095,5.772633,0,0,0,0,0,0,0,,,,,,,,,,,,,,,,,,,,,,,,,,,,,,,
174,1,1,1,1,1,1,1,0.9262239933013916,5.805967,0,0,0,0,0,0,0,,,,,,,,,,,,,,,,,,,,,,,,,,,,,,,
175,1,1,1,1,1,1,1,0.9304631352424622,5.8393,0,0,0,0,0,0,0,,,,,,,,,,,,,,,,,,,,,,,,,,,,,,,
176,1,1,1,1,1,1,1,0.935392439365387,5.872633,0,0,0,0,0,0,0,,,,,,,,,,,,,,,,,,,,,,,,,,,,,,,
177,1,1,1,1,1,1,1,0.9397189617156982,5.905967,0,0,0,0,0,0,0,,,,,,,,,,,,,,,,,,,,,,,,,,,,,,,
178,1,1,1,1,1,1,0,0.942801296710968,5.9393,0,0,0,0,0,0,0,,,,,,,,,,,,,,,,,,,,,,,,,,,,,,,
179,1,1,1,1,1,1,0,0.9390591382980347,5.972633,0,0,0,0,0,0,0,,,,,,,,,,,,,,,,,,,,,,,,,,,,,,,
180,1,1,1,1,1,1,0,0.9359563589096069,6.005967,0,0,0,0,0,0,0,,,,,,,,,,,,,,,,,,,,,,,,,,,,,,,
181,1,1,1,1,1,1,0,0.9363735318183899,6.0393,0,0,0,0,0,0,0,,,,,,,,,,,,,,,,,,,,,,,,,,,,,,,
182,1,1,1,1,1,1,0,0.9335352182388306,6.072622,0,0,0,0,0,0,0,,,,,,,,,,,,,,,,,,,,,,,,,,,,,,,
183,1,1,1,1,1,1,0,0.9236891865730286,6.105956,0,0,0,0,0,0,0,,,,,,,,,,,,,,,,,,,,,,,,,,,,,,,
184,1,1,1,1,1,1,0,0.8945171236991882,6.139289,1,1,1,0,0,1,0,-0.12279253198890669,1.1246860389058209,0.8315822577554308,-2.903334506799221,34.83990812180193,5.500799222985778,0.03186316194962058,-9.237055564881302e-14,74.99208800438477,622.8430941768465,0.7054514601617924,,,,,,,,,,,,,,,,,,,,
185,1,1,1,1,1,1,0,0.875125527381897,6.172622,1,1,1,0,0,1,0,-0.1587009900931377,1.089921430480425,1.70537806094109,-0.04369796812576155,32.2606228775488,-2.8324712138609267,0.03254458472927507,-2.842170943040401e-14,153.79099353566752,880.7251172344191,0.9975366601363904,,,,,,,,,,,,,,,,,,,,
186,1,1,1,1,1,1,0,0.861495852470398,6.205956,1,1,1,0,0,1,0,-0.1916864515135371,1.0563327647646672,2.277580647043019,2.4393119898785574,28.317867739856656,-0.6778616258677759,0.08683928135033205,9.592326932761353e-14,205.3922227503395,1104.6429552472487,1.2511529677735287,,,,,,,,,,,,,,,,,,,,
187,1,1,1,1,1,1,0,0.8486080169677734,6.239289,1,1,1,0,0,1,0,-0.2222919500069116,1.0268667721415115,2.73730102135056,4.333262092367579,19.387354643749006,-0.18560198790274987,0.1311044614272926,4.973799150320701e-14,246.84980610539355,1275.4393754897085,1.4446023054589516,,,,,,,,,,,,,,,,,,,,
188,1,1,1,1,1,1,0,0.8252242803573608,6.272622,1,1,1,0,0,1,0,-0.24813120554633336,1.0035586646247283,2.646225970939946,5.590893233124311,10.542036499851651,-0.16789878712138434,0.15499972963066386,-1.0658141036401503e-14,238.63665805936438,1388.8525517631506,1.5730575962885383,,,,,,,,,,,,,,,,,,,,
189,1,1,1,1,1,1,0,0.8025391697883606,6.305956,1,1,1,0,0,1,0,-0.2712735528034381,0.9889348561667528,2.5073127440877903,6.001631661924583,-0.19141960456712614,-0.07544113425989103,0.1720800595761639,2.7755575615628914e-14,226.10946326183696,1425.8929432723592,1.615010695743979,,,,,,,,,,,,,,,,,,,,
190,1,1,1,1,1,1,0,0.7775329947471619,6.339289,1,1,1,1,1,1,1,-0.2915546086662113,0.9842719794111472,2.3646069926205446,5.442827490656411,-11.78444594436186,0.09666105543122337,0.18564474732916425,-1.7763568394002505e-14,213.24025859452075,1375.4999831073956,1.5579340617367714,20.612028456173377,-0.6150644514858199,132.95728011279078,0.04741161915803112,-0.0488713875238118,-0.0005430154169312422,32.19140626912494,0.357682291879166,45.050641450754625,0.5005626827861624,192.62823013834736,-0.456226163912408,1242.5427029946047,-0.13980723601886996,-96.06863970687837,-1.0674293300764264,226.90097988962788,2.5211219987736433,-139.1412103406152,-1.5460134482290577
191,1,1,1,1,1,1,0,0.7555246949195862,6.372611,1,1,1,1,1,1,1,-0.3078194624135198,0.9883983789839886,1.9663608537480912,4.1276032301723795,-18.00532291519333,0.18628058865547037,0.20276621024616934,-3.907985046680551e-14,177.3264217910029,1256.8930592969455,1.4235961709105736,33.03247023539625,-0.6227160308673871,234.13477896281003,0.0390111724547283,-1.2255170155038115,-0.013616855727820128,59.72023729587623,0.6635581921764026,49.26601924289164,0.5474002138099071,144.29395155560664,-0.4427566931462822,1022.7582803341354,-0.13687734602846402,-79.35150330211509,-0.8816833700235011,173.40419335040036,1.926713259448893,-134.09055621646854,-1.4898950690718726
192,1,1,1,1,1,1,0,0.738881528377533,6.405944,1,1,1,1,1,1,1,-0.3210910687878629,0.998622822671562,1.405197669371646,2.4161111434406957,-18.450807375559805,0.15461702493935578,0.20965949245104312,-1.4210854715202004e-14,126.72072582393506,1102.5507029154824,1.2487832177092335,19.593181625052633,-0.6269462168344633,170.4731095295874,0.03536608857485612,-1.2768137150577055,-0.014186819056196728,39.01056150320917,0.43345068336899073,38.643255934267515,0.42936951038075016,107.12754419888242,-0.43531154658644183,932.0775933858949,-0.13347028749623693,-72.52390183985631,-0.805821131553959,149.88689707003016,1.6654099674447795,-119.69691863622538,-1.3299657626247263
193,1,1,1,1,1,1,0,0.7305493354797363,6.439278,1,1,1,1,1,1,1,-0.3330889134705802,1.011998124763816,0.884598204475492,0.5506328149035967,-18.687370208386543,0.07445748024964696,0.21488406285766465,3.552713678800501e-15,79.77306607959989,934.3218672480067,1.0582420061705817,5.93970149207559,-0.6358152500553431,69.56725197743172,0.03850662218525397,-0.3168632856656598,-0.0035207031740628865,12.13560079885492,0.1348400088761658,26.563582088000956,0.2951509120888995,73.8333645875243,-0.43452454449996986,864.754615270575,-0.1298589578052618,-63.98140569138176,-0.7109045076820195,136.3936890163806,1.5154854335153398,-101.62558981715905,-1.1291732201906561
194,1,1,1,1,1,1,0,0.7231212258338928,6.472611,1,1,1,0,1,1,0,-0.3449871326923013,1.026563046745842,0.5340002704266512,-1.5584055716437077,-11.428780857984561,-0.028110102319369897,0.21451835425692017,-1.5987211554602254e-14,48.156144387075415,744.1287855491707,0.8428234064437317,,,,,,,,,,,,,,,,,,,,
195,1,1,1,1,1,1,0,0.7172471880912781,6.505944,1,1,1,0,1,1,0,-0.3571312396049347,1.0379413973133813,0.3584360626022431,-3.39200128554581,-1.4201978324639122,-0.14244989881163625,0.2010004371333788,2.886579864025407e-15,32.32376412547029,578.775124069479,0.6555387066139755,,,,,,,,,,,,,,,,,,,,
196,1,1,1,1,1,1,0,0.7174444198608398,6.539278,1,1,1,0,1,1,0,-0.36894539866109155,1.042601367596538,0.22853050938310707,-4.405590793456146,15.034245361071127,-0.4652731348864096,0.17876269378100867,-5.329070518200751e-15,20.6088813361686,487.3696222461249,0.552009992350351,,,,,,,,,,,,,,,,,,,,
197,1,1,1,1,1,1,0,0.7130175232887268,6.572611,1,1,1,0,1,1,0,-0.381381374752888,1.039824136766918,0.36234085610804356,-4.514127788123524,29.51090407831907,-0.5770222138136133,0.16061411578341067,-1.0658141036401503e-14,32.675898403823375,477.58175606702076,0.5409239506931937,,,,,,,,,,,,,,,,,,,,
198,1,1,1,1,1,1,0,0.7027212977409363,6.605944,1,1,1,0,1,1,0,-0.39204548985584053,1.029650732140571,0.2780525532960706,-3.6539123203617003,42.637001050545166,-1.12263319108315,0.13172554704580283,-2.842170943040401e-14,25.07477925623965,555.1559869497821,0.6287869373086217,,,,,,,,,,,,,,,,,,,,
199,1,1,1,1,1,1,0,0.7007720470428467,6.639278,1,1,1,0,1,1,0,-0.4033356147471739,1.013999465125329,0.46345841818586875,-2.092816458583354,49.6168367415599,-1.316030606476318,0.10427835681046248,-7.105427357601002e-15,41.79468015200165,695.9356117649534,0.7882383189092234,,,,,,,,,,,,,,,,,,,,
200,1,1,1,1,1,1,0,0.7047384977340698,6.6726,1,1,1,0,1,1,0,-0.4134503265808907,0.9939742184577157,0.5208511331925297,0.10621785089857491,53.89733699883811,-2.1051790143547278,0.06986522089093526,-2.1316282072803006e-14,46.970355191302346,894.2445257940338,1.0128491627523317,,,,,,,,,,,,,,,,,,,,
201,1,1,1,1,1,1,0,0.6923801898956299,6.705933,1,1,1,0,1,1,0,-0.42465383865804385,0.9742892874783552,0.9007102131817404,2.2018592342862005,51.037336163942264,-3.0609619042200906,0.037492679720112526,4.973799150320701e-14,81.22604702472937,1083.22946574793,1.2268993835631778,,,,,,,,,,,,,,,,,,,,
202,1,1,1,1,1,1,0,0.6675796508789062,6.739267,1,1,1,0,1,1,0,-0.43465362663660845,0.9582002217081446,1.1267719660706235,3.808269487827206,47.041777690178925,-27.73578755916528,0.003555729890456702,-3.197442310920451e-13,101.61229590024885,1228.0955424122578,1.3909792076251644,,,,,,,,,,,,,,,,,,,,
203,1,1,1,1,1,1,0,0.6522241830825806,6.7726,1,1,1,0,0,1,0,-0.4419590837505761,0.9472816542558946,0.9595729325300253,4.8788357878498845,39.525951794970304,3.619792971336691,0.028676152203260915,4.973799150320701e-14,86.5342870555577,1324.639211348303,1.5003275697681537,,,,,,,,,,,,,,,,,,,,
204,1,1,1,1,1,1,0,0.6676053404808044,6.805933,1,1,1,0,0,1,0,-0.4475491455445417,0.9448032990758881,0.648032259013645,4.9285576923765,31.38425875675326,1.877594353371407,0.05965925885367683,1.0658141036401503e-14,58.439549117850525,1329.123132698513,1.5054061985485478,,,,,,,,,,,,,,,,,,,,
205,1,1,1,1,1,1,0,0.6888178586959839,6.839267,1,1,1,0,0,1,0,-0.4531011201393334,0.9504200184548032,0.5439386677424545,4.1555350954481005,24.40915060743588,1.2396820411842016,0.0796360372601485,-2.4868995751603507e-14,49.05238905701456,1259.4119549075099,1.4264491504219161,,,,,,,,,,,,,,,,,,,,
206,1,1,1,1,1,1,0,0.7034041881561279,6.8726,1,1,1,1,0,1,0,-0.458178384051513,0.9611316643933873,0.5237862918371825,3.307021315130904,20.507947678006477,0.8208275906625541,0.0855015576600941,-7.105427357601002e-15,47.23504779787713,1182.8929821985053,1.3397813820347775,,,,,,,,,,,,,,,,,,,,
207,1,1,1,1,1,1,0,0.6991943717002869,6.905933,1,1,1,1,0,1,0,-0.4635584416993468,0.9747361463333665,0.749277989797723,2.8106628073053423,10.2798189447606,0.022224735263488577,0.06895344396344777,3.552713678800501e-15,67.56988911995867,1138.1313719627963,1.289082990103971,,,,,,,,,,,,,,,,,,,,
208,1,1,1,1,1,1,0,0.7020838856697083,6.939267,1,1,1,0,0,1,0,-0.46808920255151104,0.9907154281610473,0.9971315888573242,2.6198034746029197,-3.788167171714663,-2.655233757474577,0.031682666565065194,-2.708944180085382e-14,89.92132668315352,1120.9196773396916,1.269588489454855,,,,,,,,,,,,,,,,,,,,
209,1,1,1,1,1,1,0,0.7203458547592163,6.9726,1,1,1,0,0,1,0,-0.4713822751788124,1.010099021875049,1.1909649837908565,2.3695260750964446,-17.679216891983565,6.968659684550688,0.025255932149923718,2.7711166694643907e-13,107.40122223825946,1098.3496614521978,1.2440249874869154,,,,,,,,,,,,,,,,,,,,
210,1,1,1,1,1,1,0,0.7296048998832703,7.005922,1,1,1,0,0,1,0,-0.47222166903946877,1.0324581887359323,1.0744772844315011,1.9720840642116593,-28.447350235653488,2.7408320638663484,0.0900976402604442,-2.842170943040401e-14,96.89636151003279,1062.5083409106078,1.2034299931029648,,,,,,,,,,,,,,,,,,,,
211,1,1,1,1,1,1,0,0.7505549788475037,7.039256,1,1,1,0,0,1,0,-0.47148429934896235,1.0568860636241233,0.7987508825651698,1.5036126315993203,-37.28987265898831,1.9379523809043309,0.15720863964983267,-7.105427357601002e-15,72.03135458972703,1020.2615871176271,1.1555800057963834,,,,,,,,,,,,,,,,,,,,
212,1,1,1,1,1,1,0,0.7607768177986145,7.072589,1,1,1,0,0,1,0,-0.46927093755935667,1.0840323947543005,0.30452802677633006,0.6786080887758099,-42.5705107702174,1.5357087452939526,0.21752406613145497,-4.973799150320701e-14,27.46233745468945,945.8626774458029,1.0713134867434622,,,,,,,,,,,,,,,,,,,,
213,1,1,1,1,1,1,0,0.7763318419456482,7.105922,1,1,1,0,0,1,0,-0.46663892905337584,1.113418159343186,-0.2709548490762884,-0.6455742913276056,-42.958221582989324,1.252240586754472,0.2654367533595746,2.842170943040401e-14,-24.434708289699696,826.4479104080767,0.936060607552471,,,,,,,,,,,,,,,,,,,,
214,1,1,1,1,1,1,0,0.7906730771064758,7.139256,1,1,1,1,0,1,0,-0.4646301266656953,1.1423557743131756,-0.7891799325962253,-2.139207623894775,-39.163939845878446,0.9782940314773589,0.3043581530081671,0.0,-71.16824632152762,691.7520564771694,0.7834998940731333,,,,,,,,,,,,,,,,,,,,
215,1,1,1,1,1,1,0,0.8037416338920593,7.172589,1,1,1,1,0,1,0,-0.4635867859241967,1.1692099903967599,-1.2209827486590303,-3.715974839022616,-35.17815567932757,0.6758729762525179,0.3340683634482281,-1.4210854715202004e-14,-110.10822427407138,549.5591890169406,0.622447829897996,,,,,,,,,,,,,,,,,,,,
216,1,1,1,1,1,1,0,0.8163694739341736,7.205922,1,1,1,1,0,1,0,-0.46432330198271937,1.1928650785618569,-1.4517591601431281,-5.418086860732945,-26.730667587561584,0.29330596964167155,0.350278497006612,-2.842170943040401e-14,-130.91964106170732,396.06272689910315,0.448592962848684,,,,,,,,,,,,,,,,,,,,
217,1,1,1,1,1,1,0,0.8307017683982849,7.239256,1,1,1,0,0,1,0,-0.46672958287819655,1.2071076315819682,-1.5974189982494285,-6.1540116878268725,-14.4841583148974,-0.06558597038891584,0.3614955320201038,3.552713678800501e-15,-144.0552452621335,329.69702599177276,0.3734251058916896,,,,,,,,,,,,,,,,,,,,
218,1,1,1,1,1,1,0,0.8400541543960571,7.272589,1,1,1,0,0,1,0,-0.4709562969562948,1.2114267910949719,-1.7054126028685024,-5.962047384258653,-6.668533365441336,-0.13829308657153053,0.3852147612846459,2.6645352591003757e-14,-153.79410852668158,347.00836688755476,0.39303246900844346,,,,,,,,,,,,,,,,,,,,
219,1,1,1,1,1,1,0,0.8489459156990051,7.305911,1,1,1,0,0,1,0,-0.4772599137288239,1.2081167297876323,-1.811531570751532,-5.32746059411808,-2.011234151931972,-0.07135122811057922,0.4148857786684534,-2.5757174171303632e-14,-163.3639170503732,404.23540362243165,0.45784959069252645,,,,,,,,,,,,,,,,,,,,
220,1,1,1,1,1,1,0,0.8493677377700806,7.339244,1,1,1,1,0,1,0,-0.48550112352843916,1.1974257213527078,-2.016055815783754,-4.175246747866818,1.0538727043804335,0.025785722908547467,0.4488951695769632,2.6423307986078726e-14,-181.807913467379,508.1420482773705,0.575537488138374,,,,,,,,,,,,,,,,,,,,
221,1,1,1,1,1,1,0,0.8384811282157898,7.372578,1,1,1,1,0,1,0,-0.49603383831381936,1.1818605388766796,-2.264474069602716,-2.8501825893545747,-1.8597943202030116,0.12667082508943162,0.48781601648883377,3.552713678800501e-15,-204.21027159677297,627.6363340920046,0.7108804327692883,,,,,,,,,,,,,,,,,,,,
222,1,1,1,1,1,1,0,0.8219602704048157,7.405911,1,1,1,1,1,1,1,-0.5087042856049128,1.1620538369246716,-2.6179288132500806,-1.2419910546269235,-10.376997773122335,0.2167196558060442,0.5235475932378904,-1.9539925233402755e-14,-236.08482037889232,772.6630466937443,0.8751421980900942,-51.16422101354531,-0.6818132843200582,167.45126953351772,0.28126877505203945,3.8490840048337884,0.04276760005370876,52.840015122232835,0.5871112791359204,55.372867909409486,0.6152540878823276,-184.920599365347,-0.11392517170624511,605.2117771602265,0.21434998830353447,-9.428603988323957,-0.10476226653693285,-11.596872504867726,-0.12885413894297473,-99.47671449575498,-1.1052968277306108
223,1,1,1,1,1,1,0,0.8163713812828064,7.439244,1,1,1,1,1,1,1,-0.5247296983766779,1.139315117951782,-2.831340373410624,0.663839280231533,-25.250877003867895,0.33601073021475997,0.5535954361720836,1.0658141036401503e-14,-255.33027487417016,944.5308262912799,1.0698049907025482,-85.7937121064053,-0.7004171221996791,317.3724926524836,0.28174874247554627,2.3155161511896045,0.02572795723544005,92.59872500753156,1.0288747223059063,90.46281447992035,1.0051423831102262,-169.53656276776488,-0.10912793115801045,627.1583336387964,0.2158162108258047,-16.76036546767221,-0.18622628297413565,-36.72116745393404,-0.4080129717103782,-157.72608492537725,-1.752512054726414
224,1,1,1,1,1,1,0,0.8182591795921326,7.472578,1,1,1,1,1,1,1,-0.5446893466861853,1.1184782237495319,-2.750282382874389,2.2345894306302228,-35.224823959036605,0.43523456469766836,0.5623342299064923,3.552713678800501e-14,-248.02046528761247,1086.1810748542339,1.230242467838072,-107.94707924556718,-0.710487308965345,472.743547297028,0.2759111071288479,-4.288927673873663,-0.047654751931929584,121.86651953399019,1.3540724392665575,113.59711265013243,1.262190140557027,-140.0733860420453,-0.12024727703351333,613.437527557206,0.21708685172897543,-23.763444968190548,-0.26403827742433944,-57.60026021084343,-0.6400028912315937,-201.41243400199556,-2.2379159333555063
225,1,1,1,1,1,1,0,0.8265196681022644,7.505911,1,1,1,1,0,1,0,-0.5682157317255289,1.1018293719995815,-2.4190332624761774,3.3384689449351046,-43.01346090029317,0.5244910863122759,0.5482976734577528,4.263256414560601e-14,-218.14841961010174,1185.7289294542481,1.3429934641004055,,,,,,,,,,,,,,,,,,,,
226,1,1,1,1,1,1,0,0.8297277092933655,7.539244,1,1,1,1,0,1,0,-0.5952558137581981,1.0905608289279147,-1.8131582624972131,3.910872369135868,-46.4140991629973,0.6141791361133239,0.5062689100384793,-5.684341886080802e-14,-163.5106121119987,1237.3482702486729,1.4014591349514924,,,,,,,,,,,,,,,,,,,,
227,1,1,1,1,1,1,0,0.8300611972808838,7.572578,1,1,1,1,0,1,0,-0.6245972621247322,1.0859364078811635,-1.1314657843956002,3.7919195315713403,-41.07484729514122,0.6881705624928061,0.4306533310120649,-7.815970093361102e-14,-102.03558443679525,1226.6211033571037,1.3893092120932196,,,,,,,,,,,,,,,,,,,,
228,1,1,1,1,1,1,0,0.8200781941413879,7.605911,1,1,1,1,0,1,0,-0.6546827099449674,1.0877366982050498,-0.6227578235433732,3.0167527750609655,-28.928547046593327,0.7250243224677538,0.32059225804849373,1.7763568394002505e-14,-56.1603005271414,1156.7165652549982,1.3101331580643312,,,,,,,,,,,,,,,,,,,,
229,1,1,1,1,1,1,0,0.7963324785232544,7.639233,1,1,1,1,0,1,0,-0.684472740958089,1.092979818989678,-0.4406035319659885,2.0290219853588485,-13.49134557604427,0.6453571763245028,0.18685781914422356,3.552713678800501e-15,-39.73362651269285,1067.6430026396613,1.209245670675797,,,,,,,,,,,,,,,,,,,,
230,1,1,1,1,1,1,0,0.7785167694091797,7.672567,1,1,1,0,0,1,0,-0.7142488023912813,1.103056699953433,-0.49661797839383687,0.24888799491648936,0.46802040265772105,-0.8676454835149587,0.034555130041729186,7.549516567451064e-15,-44.78500929155622,907.1105193815692,1.027421587248351,,,,,,,,,,,,,,,,,,,,
231,1,1,1,1,1,1,0,0.7658326625823975,7.7059,1,1,1,0,0,1,0,-0.7451084386966269,1.1139371658409936,-0.4783264883169629,-1.782643163005507,13.099257670222364,1.5348791948016633,0.12250251418397569,-1.4210854715202004e-14,-43.135482716423724,723.9070395601635,0.819919627998826,,,,,,,,,,,,,,,,,,,,
232,1,1,1,1,1,1,0,0.7603023052215576,7.739233,1,1,1,0,0,1,0,-0.7760793677326728,1.1219525252654974,-0.5293718605010096,-3.5781696594831445,24.408516072573214,1.3263732966560866,0.2728938462738932,-7.105427357601002e-15,-47.73875437998105,561.9864601078102,0.6365233436491224,,,,,,,,,,,,,,,,,,,,
233,1,1,1,1,1,1,0,0.7724313735961914,7.772567,0,0,0,0,0,0,0,,,,,,,,,,,,,,,,,,,,,,,,,,,,,,,
234,1,1,1,1,1,1,0,0.7871304154396057,7.8059,0,0,0,0,0,0,0,,,,,,,,,,,,,,,,,,,,,,,,,,,,,,,
235,1,1,1,1,1,1,0,0.8042156100273132,7.839233,0,0,0,0,0,0,0,,,,,,,,,,,,,,,,,,,,,,,,,,,,,,,
236,1,1,1,1,1,1,0,0.818221390247345,7.872567,0,0,0,0,0,0,0,,,,,,,,,,,,,,,,,,,,,,,,,,,,,,,
237,1,1,1,1,1,1,0,0.8340739607810974,7.9059,0,0,0,0,0,0,0,,,,,,,,,,,,,,,,,,,,,,,,,,,,,,,
238,1,1,1,1,1,1,0,0.8497363924980164,7.939222,0,0,0,0,0,0,0,,,,,,,,,,,,,,,,,,,,,,,,,,,,,,,
239,1,1,1,0,1,0,0,0.8643648624420166,7.972556,0,0,0,0,0,0,0,,,,,,,,,,,,,,,,,,,,,,,,,,,,,,,
240,1,1,1,0,1,0,0,0.8777510523796082,8.005889,0,0,0,0,0,0,0,,,,,,,,,,,,,,,,,,,,,,,,,,,,,,,
241,1,1,1,0,1,0,0,0.8897053003311157,8.039222,0,0,0,0,0,0,0,,,,,,,,,,,,,,,,,,,,,,,,,,,,,,,
242,1,1,1,0,1,0,0,0.9001762866973877,8.072556,0,0,0,0,0,0,0,,,,,,,,,,,,,,,,,,,,,,,,,,,,,,,
243,1,1,1,0,1,0,0,0.9094544053077698,8.105889,0,0,0,0,0,0,0,,,,,,,,,,,,,,,,,,,,,,,,,,,,,,,
244,1,1,1,0,1,0,0,0.9178994297981262,8.139222,0,0,0,0,0,0,0,,,,,,,,,,,,,,,,,,,,,,,,,,,,,,,
245,1,1,1,0,1,0,0,0.9251788258552551,8.172556,0,0,0,0,0,0,0,,,,,,,,,,,,,,,,,,,,,,,,,,,,,,,
246,1,1,1,0,1,0,0,0.931739866733551,8.205889,0,0,0,0,0,0,0,,,,,,,,,,,,,,,,,,,,,,,,,,,,,,,
247,1,1,1,0,1,0,0,0.9363740682601929,8.239222,0,0,0,0,0,0,0,,,,,,,,,,,,,,,,,,,,,,,,,,,,,,,
248,1,1,1,0,1,0,0,0.940618634223938,8.272544,0,0,0,0,0,0,0,,,,,,,,,,,,,,,,,,,,,,,,,,,,,,,
249,1,1,1,0,1,0,0,0.9441050887107849,8.305878,0,0,0,0,0,0,0,,,,,,,,,,,,,,,,,,,,,,,,,,,,,,,
250,1,1,1,1,1,1,1,0.9484086036682129,8.339211,0,0,0,0,0,0,0,,,,,,,,,,,,,,,,,,,,,,,,,,,,,,,
251,1,1,1,0,1,0,1,0.9525295495986938,8.372544,0,0,0,0,0,0,0,,,,,,,,,,,,,,,,,,,,,,,,,,,,,,,
252,1,1,1,0,1,0,1,0.9531669020652771,8.405878,0,0,0,0,0,0,0,,,,,,,,,,,,,,,,,,,,,,,,,,,,,,,
253,1,1,1,0,1,0,1,0.9154314994812012,8.439211,0,0,0,0,0,0,0,,,,,,,,,,,,,,,,,,,,,,,,,,,,,,,
254,1,1,1,0,1,0,1,0.8812463879585266,8.472544,0,0,0,0,0,0,0,,,,,,,,,,,,,,,,,,,,,,,,,,,,,,,
255,1,1,1,0,1,0,1,0.8111398220062256,8.505878,0,0,0,0,0,0,0,,,,,,,,,,,,,,,,,,,,,,,,,,,,,,,
256,1,1,1,0,1,0,1,0.7525386214256287,8.539211,0,0,0,0,0,0,0,,,,,,,,,,,,,,,,,,,,,,,,,,,,,,,
257,1,1,1,0,1,0,0,0.7281180620193481,8.572533,0,0,0,0,0,0,0,,,,,,,,,,,,,,,,,,,,,,,,,,,,,,,
258,1,1,1,0,1,0,0,0.6659815311431885,8.605867,0,0,0,0,0,0,0,,,,,,,,,,,,,,,,,,,,,,,,,,,,,,,
259,1,1,1,0,1,0,0,0.6261835098266602,8.6392,0,0,0,0,0,0,0,,,,,,,,,,,,,,,,,,,,,,,,,,,,,,,
260,1,1,1,0,1,0,0,0.6053515076637268,8.672533,0,0,0,0,0,0,0,,,,,,,,,,,,,,,,,,,,,,,,,,,,,,,
261,1,1,1,0,1,0,0,0.6033107042312622,8.705867,0,0,0,0,0,0,0,,,,,,,,,,,,,,,,,,,,,,,,,,,,,,,
262,1,0,1,1,1,0,0,0.6389271020889282,8.7392,0,0,0,0,0,0,0,,,,,,,,,,,,,,,,,,,,,,,,,,,,,,,
263,1,0,1,1,1,0,0,0.6192231178283691,8.772533,0,0,0,0,0,0,0,,,,,,,,,,,,,,,,,,,,,,,,,,,,,,,
264,1,0,1,0,1,0,0,0.6130467653274536,8.805867,0,0,0,0,0,0,0,,,,,,,,,,,,,,,,,,,,,,,,,,,,,,,
265,1,0,1,0,1,0,0,0.6099631786346436,8.8392,0,0,0,0,0,0,0,,,,,,,,,,,,,,,,,,,,,,,,,,,,,,,
266,1,0,1,0,1,0,0,0.620980978012085,8.872522,0,0,0,0,0,0,0,,,,,,,,,,,,,,,,,,,,,,,,,,,,,,,
267,1,0,1,0,1,0,0,0.6165424585342407,8.905856,0,0,0,0,0,0,0,,,,,,,,,,,,,,,,,,,,,,,,,,,,,,,
268,1,0,1,0,1,0,0,0.6262502670288086,8.939189,0,0,0,0,0,0,0,,,,,,,,,,,,,,,,,,,,,,,,,,,,,,,
269,1,0,1,0,1,0,0,0.6526099443435669,8.972522,0,0,0,0,0,0,0,,,,,,,,,,,,,,,,,,,,,,,,,,,,,,,
270,1,0,0,1,1,0,0,0.11257903277873993,9.005856,0,0,0,0,0,0,0,,,,,,,,,,,,,,,,,,,,,,,,,,,,,,,
271,1,0,0,0,1,0,0,0.12258802354335785,9.039189,0,0,0,0,0,0,0,,,,,,,,,,,,,,,,,,,,,,,,,,,,,,,
272,1,0,0,0,1,0,0,0.10949955880641937,9.072522,0,0,0,0,0,0,0,,,,,,,,,,,,,,,,,,,,,,,,,,,,,,,
273,1,0,0,0,1,0,0,0.3549104630947113,9.105856,0,0,0,0,0,0,0,,,,,,,,,,,,,,,,,,,,,,,,,,,,,,,
274,0,0,0,0,0,0,0,0.0,9.139189,0,0,0,0,0,0,0,,,,,,,,,,,,,,,,,,,,,,,,,,,,,,,
275,0,0,0,0,0,0,0,0.0,9.172522,0,0,0,0,0,0,0,,,,,,,,,,,,,,,,,,,,,,,,,,,,,,,
276,0,0,0,0,0,0,0,0.0,9.205844,0,0,0,0,0,0,0,,,,,,,,,,,,,,,,,,,,,,,,,,,,,,,
277,0,0,0,0,0,0,0,0.0,9.239178,0,0,0,0,0,0,0,,,,,,,,,,,,,,,,,,,,,,,,,,,,,,,
278,0,0,0,0,0,0,0,0.0,9.272511,0,0,0,0,0,0,0,,,,,,,,,,,,,,,,,,,,,,,,,,,,,,,
279,0,0,0,0,0,0,0,0.0,9.305844,0,0,0,0,0,0,0,,,,,,,,,,,,,,,,,,,,,,,,,,,,,,,
280,0,0,0,0,0,0,0,0.0,9.339178,0,0,0,0,0,0,0,,,,,,,,,,,,,,,,,,,,,,,,,,,,,,,
281,0,0,0,0,0,0,0,0.0,9.372511,0,0,0,0,0,0,0,,,,,,,,,,,,,,,,,,,,,,,,,,,,,,,
282,0,0,0,0,0,0,0,0.0,9.405844,0,0,0,0,0,0,0,,,,,,,,,,,,,,,,,,,,,,,,,,,,,,,
283,1,0,1,0,1,0,0,0.4295578598976135,9.439178,0,0,0,0,0,0,0,,,,,,,,,,,,,,,,,,,,,,,,,,,,,,,
284,1,0,1,0,1,0,0,0.4036208987236023,9.472511,0,0,0,0,0,0,0,,,,,,,,,,,,,,,,,,,,,,,,,,,,,,,
285,1,0,0,0,1,0,0,0.3679140508174896,9.505833,0,0,0,0,0,0,0,,,,,,,,,,,,,,,,,,,,,,,,,,,,,,,
286,1,0,0,0,1,0,0,0.34328073263168335,9.539167,0,0,0,0,0,0,0,,,,,,,,,,,,,,,,,,,,,,,,,,,,,,,
287,1,0,0,0,1,0,0,0.31169649958610535,9.5725,0,0,0,0,0,0,0,,,,,,,,,,,,,,,,,,,,,,,,,,,,,,,
288,1,0,0,0,1,0,0,0.3012247085571289,9.605833,0,0,0,0,0,0,0,,,,,,,,,,,,,,,,,,,,,,,,,,,,,,,
289,1,0,0,0,1,0,1,0.3011460602283478,9.639167,0,0,0,0,0,0,0,,,,,,,,,,,,,,,,,,,,,,,,,,,,,,,
290,1,1,0,0,1,0,1,0.2970615327358246,9.6725,0,0,0,0,0,0,0,,,,,,,,,,,,,,,,,,,,,,,,,,,,,,,
291,1,0,0,0,1,0,1,0.32373619079589844,9.705833,0,0,0,0,0,0,0,,,,,,,,,,,,,,,,,,,,,,,,,,,,,,,
292,1,0,0,0,1,0,1,0.3699778616428375,9.739167,0,0,0,0,0,0,0,,,,,,,,,,,,,,,,,,,,,,,,,,,,,,,
293,1,0,1,0,1,0,1,0.42438554763793945,9.7725,0,0,0,0,0,0,0,,,,,,,,,,,,,,,,,,,,,,,,,,,,,,,
294,1,0,1,0,1,0,1,0.47079622745513916,9.805833,0,0,0,0,0,0,0,,,,,,,,,,,,,,,,,,,,,,,,,,,,,,,
295,1,0,1,0,1,0,1,0.517610490322113,9.839156,0,0,0,0,0,0,0,,,,,,,,,,,,,,,,,,,,,,,,,,,,,,,
296,1,1,1,0,1,0,0,0.551512598991394,9.872489,0,0,0,0,0,0,0,,,,,,,,,,,,,,,,,,,,,,,,,,,,,,,
297,1,1,1,0,1,0,0,0.5760084390640259,9.905822,0,0,0,0,0,0,0,,,,,,,,,,,,,,,,,,,,,,,,,,,,,,,
298,1,1,1,1,1,1,0,0.596200168132782,9.939156,0,0,0,0,0,0,0,,,,,,,,,,,,,,,,,,,,,,,,,,,,,,,
299,1,1,1,0,1,0,0,0.6096600890159607,9.972489,0,0,0,0,0,0,0,,,,,,,,,,,,,,,,,,,,,,,,,,,,,,,
300,1,1,1,1,1,1,0,0.6315043568611145,10.005822,0,0,0,0,0,0,0,,,,,,,,,,,,,,,,,,,,,,,,,,,,,,,
301,1,1,1,1,1,1,0,0.648430585861206,10.039156,0,0,0,0,0,0,0,,,,,,,,,,,,,,,,,,,,,,,,,,,,,,,
302,1,1,1,1,1,1,1,0.6676511764526367,10.072489,0,0,0,0,0,0,0,,,,,,,,,,,,,,,,,,,,,,,,,,,,,,,
303,1,1,1,1,1,1,1,0.680992841720581,10.105822,0,0,0,0,0,0,0,,,,,,,,,,,,,,,,,,,,,,,,,,,,,,,
304,1,1,1,1,1,1,1,0.6828843951225281,10.139144,0,0,0,0,0,0,0,,,,,,,,,,,,,,,,,,,,,,,,,,,,,,,
305,1,1,1,1,1,1,1,0.6971137523651123,10.172478,0,0,0,0,0,0,0,,,,,,,,,,,,,,,,,,,,,,,,,,,,,,,
306,1,1,1,1,1,1,1,0.7047923803329468,10.205811,0,0,0,0,0,0,0,,,,,,,,,,,,,,,,,,,,,,,,,,,,,,,
307,1,1,1,1,1,1,1,0.7116897702217102,10.239144,0,0,0,0,0,0,0,,,,,,,,,,,,,,,,,,,,,,,,,,,,,,,
308,1,1,1,1,1,1,1,0.7077670693397522,10.272478,0,0,0,0,0,0,0,,,,,,,,,,,,,,,,,,,,,,,,,,,,,,,
